2025-10-14 15:18:41 - app - INFO - Environment validation successful
2025-10-14 15:18:41 - app - INFO - Validated environment variables: ['LOG_LEVEL', 'MAX_FILE_SIZE_MB']
2025-10-14 15:19:08 - app - INFO - Environment validation successful
2025-10-14 15:19:08 - app - INFO - Validated environment variables: ['LOG_LEVEL', 'MAX_FILE_SIZE_MB']
2025-10-14 15:27:53 - app - INFO - Environment validation successful
2025-10-14 15:27:53 - app - INFO - Validated environment variables: ['LOG_LEVEL', 'MAX_FILE_SIZE_MB']
2025-10-14 15:29:29 - app - INFO - Environment validation successful
2025-10-14 15:29:29 - app - INFO - Validated environment variables: ['LOG_LEVEL', 'MAX_FILE_SIZE_MB']
2025-10-14 15:33:31 - app - INFO - Environment validation successful
2025-10-14 15:33:31 - app - INFO - Validated environment variables: ['LOG_LEVEL', 'MAX_FILE_SIZE_MB']
2025-10-14 15:33:42 - app - INFO - Environment validation successful
2025-10-14 15:33:42 - app - INFO - Validated environment variables: ['LOG_LEVEL', 'MAX_FILE_SIZE_MB']
2025-10-14 15:35:44 - app - WARNING - Worker stderr: [NeMo W 2025-10-14 15:35:27 nemo_logging:405] If you intend to do training or fine-tuning, please call the ModelPT.setup_training_data() method and provide a valid configuration file to setup the train data loader.
    Train config : 
    manifest_filepath: null
    sample_rate: 16000
    batch_size: 1
    shuffle: true
    num_workers: 8
    pin_memory: true
    max_duration: 20
    min_duration: 0.1
    is_tarred: true
    tarred_audio_filepaths: null
    shuffle_n: 2048
    bucketing_strategy: fully_randomized
    bucketing_batch_size:
    - 64
    - 64
    - 32
    - 32
    - 32
    - 32
    - 16
    - 16
    - 64
    - 64
    - 32
    - 32
    - 32
    - 32
    - 16
    - 16
    - 64
    - 64
    - 32
    - 32
    - 32
    - 32
    - 16
    - 16
    defer_setup: true
    
[NeMo W 2025-10-14 15:35:27 nemo_logging:405] If you intend to do validation, please call the ModelPT.setup_validation_data() or ModelPT.setup_multiple_validation_data() method and provide a valid configuration file to setup the validation data loader(s). 
    Validation config : 
    manifest_filepath: null
    sample_rate: 16000
    batch_size: 16
    shuffle: false
    use_start_end_token: false
    num_workers: 8
    pin_memory: true
    
[NeMo W 2025-10-14 15:35:27 nemo_logging:405] Please call the ModelPT.setup_test_data() or ModelPT.setup_multiple_test_data() method and provide a valid configuration file to setup the test data loader(s).
    Test config : 
    manifest_filepath: null
    sample_rate: 16000
    batch_size: 16
    shuffle: false
    use_start_end_token: false
    num_workers: 8
    pin_memory: true
    
2025-10-14 15:35:40 - worker - ERROR - Worker error: Worker error: Hugging Face token required for Pyannote diarization. Set HF_TOKEN environment variable or pass hf_token parameter.
Traceback (most recent call last):
  File "/home/sun/ai/project/asrdiarize/app/worker.py", line 180, in run_inference
    diarization_result = diarizer.diarize_audio(converted_path)
                         ^^^^^^^^^^^^^^^^^^^^^^^^^^^^^^^^^^^^^^
  File "/home/sun/ai/project/asrdiarize/app/hybrid_diarization.py", line 104, in diarize_audio
    self.load_model()
  File "/home/sun/ai/project/asrdiarize/app/hybrid_diarization.py", line 73, in load_model
    raise ValueError(
ValueError: Hugging Face token required for Pyannote diarization. Set HF_TOKEN environment variable or pass hf_token parameter.
2025-10-14 15:36:50 - app - INFO - Environment validation successful
2025-10-14 15:36:50 - app - INFO - Validated environment variables: ['LOG_LEVEL', 'MAX_FILE_SIZE_MB']
2025-10-14 15:37:29 - app - WARNING - Worker stderr: [NeMo W 2025-10-14 15:37:13 nemo_logging:405] If you intend to do training or fine-tuning, please call the ModelPT.setup_training_data() method and provide a valid configuration file to setup the train data loader.
    Train config : 
    manifest_filepath: null
    sample_rate: 16000
    batch_size: 1
    shuffle: true
    num_workers: 8
    pin_memory: true
    max_duration: 20
    min_duration: 0.1
    is_tarred: true
    tarred_audio_filepaths: null
    shuffle_n: 2048
    bucketing_strategy: fully_randomized
    bucketing_batch_size:
    - 64
    - 64
    - 32
    - 32
    - 32
    - 32
    - 16
    - 16
    - 64
    - 64
    - 32
    - 32
    - 32
    - 32
    - 16
    - 16
    - 64
    - 64
    - 32
    - 32
    - 32
    - 32
    - 16
    - 16
    defer_setup: true
    
[NeMo W 2025-10-14 15:37:13 nemo_logging:405] If you intend to do validation, please call the ModelPT.setup_validation_data() or ModelPT.setup_multiple_validation_data() method and provide a valid configuration file to setup the validation data loader(s). 
    Validation config : 
    manifest_filepath: null
    sample_rate: 16000
    batch_size: 16
    shuffle: false
    use_start_end_token: false
    num_workers: 8
    pin_memory: true
    
[NeMo W 2025-10-14 15:37:13 nemo_logging:405] Please call the ModelPT.setup_test_data() or ModelPT.setup_multiple_test_data() method and provide a valid configuration file to setup the test data loader(s).
    Test config : 
    manifest_filepath: null
    sample_rate: 16000
    batch_size: 16
    shuffle: false
    use_start_end_token: false
    num_workers: 8
    pin_memory: true
    
2025-10-14 15:37:25 - worker - ERROR - Worker error: Worker error: Hugging Face token required for Pyannote diarization. Set HF_TOKEN environment variable or pass hf_token parameter.
Traceback (most recent call last):
  File "/home/sun/ai/project/asrdiarize/app/worker.py", line 180, in run_inference
    diarization_result = diarizer.diarize_audio(converted_path)
                         ^^^^^^^^^^^^^^^^^^^^^^^^^^^^^^^^^^^^^^
  File "/home/sun/ai/project/asrdiarize/app/hybrid_diarization.py", line 104, in diarize_audio
    self.load_model()
  File "/home/sun/ai/project/asrdiarize/app/hybrid_diarization.py", line 73, in load_model
    raise ValueError(
ValueError: Hugging Face token required for Pyannote diarization. Set HF_TOKEN environment variable or pass hf_token parameter.
2025-10-14 15:40:08 - app - INFO - Environment validation successful
2025-10-14 15:40:08 - app - INFO - Validated environment variables: ['LOG_LEVEL', 'MAX_FILE_SIZE_MB']
2025-10-14 15:40:52 - app - WARNING - Worker stderr: [NeMo W 2025-10-14 15:40:36 nemo_logging:405] If you intend to do training or fine-tuning, please call the ModelPT.setup_training_data() method and provide a valid configuration file to setup the train data loader.
    Train config : 
    manifest_filepath: null
    sample_rate: 16000
    batch_size: 1
    shuffle: true
    num_workers: 8
    pin_memory: true
    max_duration: 20
    min_duration: 0.1
    is_tarred: true
    tarred_audio_filepaths: null
    shuffle_n: 2048
    bucketing_strategy: fully_randomized
    bucketing_batch_size:
    - 64
    - 64
    - 32
    - 32
    - 32
    - 32
    - 16
    - 16
    - 64
    - 64
    - 32
    - 32
    - 32
    - 32
    - 16
    - 16
    - 64
    - 64
    - 32
    - 32
    - 32
    - 32
    - 16
    - 16
    defer_setup: true
    
[NeMo W 2025-10-14 15:40:36 nemo_logging:405] If you intend to do validation, please call the ModelPT.setup_validation_data() or ModelPT.setup_multiple_validation_data() method and provide a valid configuration file to setup the validation data loader(s). 
    Validation config : 
    manifest_filepath: null
    sample_rate: 16000
    batch_size: 16
    shuffle: false
    use_start_end_token: false
    num_workers: 8
    pin_memory: true
    
[NeMo W 2025-10-14 15:40:36 nemo_logging:405] Please call the ModelPT.setup_test_data() or ModelPT.setup_multiple_test_data() method and provide a valid configuration file to setup the test data loader(s).
    Test config : 
    manifest_filepath: null
    sample_rate: 16000
    batch_size: 16
    shuffle: false
    use_start_end_token: false
    num_workers: 8
    pin_memory: true
    
2025-10-14 15:40:48 - worker - ERROR - Worker error: Worker error: Hugging Face token required for Pyannote diarization. Set HF_TOKEN environment variable or pass hf_token parameter.
Traceback (most recent call last):
  File "/home/sun/ai/project/asrdiarize/app/worker.py", line 181, in run_inference
    diarization_result = diarizer.diarize_audio(converted_path)
                         ^^^^^^^^^^^^^^^^^^^^^^^^^^^^^^^^^^^^^^
  File "/home/sun/ai/project/asrdiarize/app/hybrid_diarization.py", line 104, in diarize_audio
    self.load_model()
  File "/home/sun/ai/project/asrdiarize/app/hybrid_diarization.py", line 73, in load_model
    raise ValueError(
ValueError: Hugging Face token required for Pyannote diarization. Set HF_TOKEN environment variable or pass hf_token parameter.
2025-10-14 15:41:41 - app - INFO - Environment validation successful
2025-10-14 15:41:41 - app - INFO - Validated environment variables: ['LOG_LEVEL', 'MAX_FILE_SIZE_MB']
2025-10-14 15:42:40 - app - WARNING - Worker stderr: [NeMo W 2025-10-14 15:42:24 nemo_logging:405] If you intend to do training or fine-tuning, please call the ModelPT.setup_training_data() method and provide a valid configuration file to setup the train data loader.
    Train config : 
    manifest_filepath: null
    sample_rate: 16000
    batch_size: 1
    shuffle: true
    num_workers: 8
    pin_memory: true
    max_duration: 20
    min_duration: 0.1
    is_tarred: true
    tarred_audio_filepaths: null
    shuffle_n: 2048
    bucketing_strategy: fully_randomized
    bucketing_batch_size:
    - 64
    - 64
    - 32
    - 32
    - 32
    - 32
    - 16
    - 16
    - 64
    - 64
    - 32
    - 32
    - 32
    - 32
    - 16
    - 16
    - 64
    - 64
    - 32
    - 32
    - 32
    - 32
    - 16
    - 16
    defer_setup: true
    
[NeMo W 2025-10-14 15:42:24 nemo_logging:405] If you intend to do validation, please call the ModelPT.setup_validation_data() or ModelPT.setup_multiple_validation_data() method and provide a valid configuration file to setup the validation data loader(s). 
    Validation config : 
    manifest_filepath: null
    sample_rate: 16000
    batch_size: 16
    shuffle: false
    use_start_end_token: false
    num_workers: 8
    pin_memory: true
    
[NeMo W 2025-10-14 15:42:24 nemo_logging:405] Please call the ModelPT.setup_test_data() or ModelPT.setup_multiple_test_data() method and provide a valid configuration file to setup the test data loader(s).
    Test config : 
    manifest_filepath: null
    sample_rate: 16000
    batch_size: 16
    shuffle: false
    use_start_end_token: false
    num_workers: 8
    pin_memory: true
    
2025-10-14 15:42:36 - worker - ERROR - Worker error: Worker error: Hugging Face token required for Pyannote diarization. Set HF_TOKEN environment variable or pass hf_token parameter.
Traceback (most recent call last):
  File "/home/sun/ai/project/asrdiarize/app/worker.py", line 183, in run_inference
    diarization_result = diarizer.diarize_audio(converted_path)
                         ^^^^^^^^^^^^^^^^^^^^^^^^^^^^^^^^^^^^^^
  File "/home/sun/ai/project/asrdiarize/app/hybrid_diarization.py", line 104, in diarize_audio
    self.load_model()
  File "/home/sun/ai/project/asrdiarize/app/hybrid_diarization.py", line 73, in load_model
    raise ValueError(
ValueError: Hugging Face token required for Pyannote diarization. Set HF_TOKEN environment variable or pass hf_token parameter.
2025-10-14 15:43:16 - app - INFO - Environment validation successful
2025-10-14 15:43:16 - app - INFO - Validated environment variables: ['LOG_LEVEL', 'MAX_FILE_SIZE_MB']
2025-10-14 15:44:12 - app - WARNING - Worker stderr: [NeMo W 2025-10-14 15:43:56 nemo_logging:405] If you intend to do training or fine-tuning, please call the ModelPT.setup_training_data() method and provide a valid configuration file to setup the train data loader.
    Train config : 
    manifest_filepath: null
    sample_rate: 16000
    batch_size: 1
    shuffle: true
    num_workers: 8
    pin_memory: true
    max_duration: 20
    min_duration: 0.1
    is_tarred: true
    tarred_audio_filepaths: null
    shuffle_n: 2048
    bucketing_strategy: fully_randomized
    bucketing_batch_size:
    - 64
    - 64
    - 32
    - 32
    - 32
    - 32
    - 16
    - 16
    - 64
    - 64
    - 32
    - 32
    - 32
    - 32
    - 16
    - 16
    - 64
    - 64
    - 32
    - 32
    - 32
    - 32
    - 16
    - 16
    defer_setup: true
    
[NeMo W 2025-10-14 15:43:56 nemo_logging:405] If you intend to do validation, please call the ModelPT.setup_validation_data() or ModelPT.setup_multiple_validation_data() method and provide a valid configuration file to setup the validation data loader(s). 
    Validation config : 
    manifest_filepath: null
    sample_rate: 16000
    batch_size: 16
    shuffle: false
    use_start_end_token: false
    num_workers: 8
    pin_memory: true
    
[NeMo W 2025-10-14 15:43:56 nemo_logging:405] Please call the ModelPT.setup_test_data() or ModelPT.setup_multiple_test_data() method and provide a valid configuration file to setup the test data loader(s).
    Test config : 
    manifest_filepath: null
    sample_rate: 16000
    batch_size: 16
    shuffle: false
    use_start_end_token: false
    num_workers: 8
    pin_memory: true
    
2025-10-14 15:44:08 - worker - ERROR - Worker error: Worker error: Hugging Face token required for Pyannote diarization. Set HF_TOKEN environment variable or pass hf_token parameter.
Traceback (most recent call last):
  File "/home/sun/ai/project/asrdiarize/app/worker.py", line 186, in run_inference
    diarization_result = diarizer.diarize_audio(converted_path)
                         ^^^^^^^^^^^^^^^^^^^^^^^^^^^^^^^^^^^^^^
  File "/home/sun/ai/project/asrdiarize/app/hybrid_diarization.py", line 104, in diarize_audio
    self.load_model()
  File "/home/sun/ai/project/asrdiarize/app/hybrid_diarization.py", line 73, in load_model
    raise ValueError(
ValueError: Hugging Face token required for Pyannote diarization. Set HF_TOKEN environment variable or pass hf_token parameter.
2025-10-14 15:45:39 - app - WARNING - Worker stderr: [NeMo W 2025-10-14 15:45:23 nemo_logging:405] If you intend to do training or fine-tuning, please call the ModelPT.setup_training_data() method and provide a valid configuration file to setup the train data loader.
    Train config : 
    manifest_filepath: null
    sample_rate: 16000
    batch_size: 1
    shuffle: true
    num_workers: 8
    pin_memory: true
    max_duration: 20
    min_duration: 0.1
    is_tarred: true
    tarred_audio_filepaths: null
    shuffle_n: 2048
    bucketing_strategy: fully_randomized
    bucketing_batch_size:
    - 64
    - 64
    - 32
    - 32
    - 32
    - 32
    - 16
    - 16
    - 64
    - 64
    - 32
    - 32
    - 32
    - 32
    - 16
    - 16
    - 64
    - 64
    - 32
    - 32
    - 32
    - 32
    - 16
    - 16
    defer_setup: true
    
[NeMo W 2025-10-14 15:45:23 nemo_logging:405] If you intend to do validation, please call the ModelPT.setup_validation_data() or ModelPT.setup_multiple_validation_data() method and provide a valid configuration file to setup the validation data loader(s). 
    Validation config : 
    manifest_filepath: null
    sample_rate: 16000
    batch_size: 16
    shuffle: false
    use_start_end_token: false
    num_workers: 8
    pin_memory: true
    
[NeMo W 2025-10-14 15:45:23 nemo_logging:405] Please call the ModelPT.setup_test_data() or ModelPT.setup_multiple_test_data() method and provide a valid configuration file to setup the test data loader(s).
    Test config : 
    manifest_filepath: null
    sample_rate: 16000
    batch_size: 16
    shuffle: false
    use_start_end_token: false
    num_workers: 8
    pin_memory: true
    
2025-10-14 15:45:35 - worker - ERROR - Worker error: Worker error: Hugging Face token required for Pyannote diarization. Set HF_TOKEN environment variable or pass hf_token parameter.
Traceback (most recent call last):
  File "/home/sun/ai/project/asrdiarize/app/worker.py", line 186, in run_inference
    diarization_result = diarizer.diarize_audio(converted_path)
                         ^^^^^^^^^^^^^^^^^^^^^^^^^^^^^^^^^^^^^^
  File "/home/sun/ai/project/asrdiarize/app/hybrid_diarization.py", line 104, in diarize_audio
    self.load_model()
  File "/home/sun/ai/project/asrdiarize/app/hybrid_diarization.py", line 73, in load_model
    raise ValueError(
ValueError: Hugging Face token required for Pyannote diarization. Set HF_TOKEN environment variable or pass hf_token parameter.
2025-10-14 15:46:57 - app - INFO - Environment validation successful
2025-10-14 15:46:57 - app - INFO - Validated environment variables: ['LOG_LEVEL', 'MAX_FILE_SIZE_MB']
2025-10-14 15:48:03 - app - WARNING - Worker stderr: [NeMo W 2025-10-14 15:47:19 nemo_logging:405] If you intend to do training or fine-tuning, please call the ModelPT.setup_training_data() method and provide a valid configuration file to setup the train data loader.
    Train config : 
    manifest_filepath: null
    sample_rate: 16000
    batch_size: 1
    shuffle: true
    num_workers: 8
    pin_memory: true
    max_duration: 20
    min_duration: 0.1
    is_tarred: true
    tarred_audio_filepaths: null
    shuffle_n: 2048
    bucketing_strategy: fully_randomized
    bucketing_batch_size:
    - 64
    - 64
    - 32
    - 32
    - 32
    - 32
    - 16
    - 16
    - 64
    - 64
    - 32
    - 32
    - 32
    - 32
    - 16
    - 16
    - 64
    - 64
    - 32
    - 32
    - 32
    - 32
    - 16
    - 16
    defer_setup: true
    
[NeMo W 2025-10-14 15:47:19 nemo_logging:405] If you intend to do validation, please call the ModelPT.setup_validation_data() or ModelPT.setup_multiple_validation_data() method and provide a valid configuration file to setup the validation data loader(s). 
    Validation config : 
    manifest_filepath: null
    sample_rate: 16000
    batch_size: 16
    shuffle: false
    use_start_end_token: false
    num_workers: 8
    pin_memory: true
    
[NeMo W 2025-10-14 15:47:19 nemo_logging:405] Please call the ModelPT.setup_test_data() or ModelPT.setup_multiple_test_data() method and provide a valid configuration file to setup the test data loader(s).
    Test config : 
    manifest_filepath: null
    sample_rate: 16000
    batch_size: 16
    shuffle: false
    use_start_end_token: false
    num_workers: 8
    pin_memory: true
    
[NeMo W 2025-10-14 15:47:35 nemo_logging:405] /home/sun/ai/project/asrdiarize/.venv/lib/python3.12/site-packages/pyannote/audio/utils/reproducibility.py:74: ReproducibilityWarning: TensorFloat-32 (TF32) has been disabled as it might lead to reproducibility issues and lower accuracy.
    It can be re-enabled by calling
       >>> import torch
       >>> torch.backends.cuda.matmul.allow_tf32 = True
       >>> torch.backends.cudnn.allow_tf32 = True
    See https://github.com/pyannote/pyannote-audio/issues/1370 for more details.
    
      warnings.warn(
    

Transcribing:   0%|          | 0/1 [00:00<?, ?it/s]
Transcribing: 100%|██████████| 1/1 [00:00<00:00,  2.88it/s]
Transcribing: 100%|██████████| 1/1 [00:00<00:00,  2.88it/s]

Transcribing:   0%|          | 0/1 [00:00<?, ?it/s]
Transcribing: 100%|██████████| 1/1 [00:00<00:00, 16.03it/s]

Transcribing:   0%|          | 0/1 [00:00<?, ?it/s]
Transcribing: 100%|██████████| 1/1 [00:00<00:00, 13.04it/s]

Transcribing:   0%|          | 0/1 [00:00<?, ?it/s]
Transcribing: 100%|██████████| 1/1 [00:00<00:00, 15.55it/s]

Transcribing:   0%|          | 0/1 [00:00<?, ?it/s]
Transcribing: 100%|██████████| 1/1 [00:00<00:00, 14.98it/s]

Transcribing:   0%|          | 0/1 [00:00<?, ?it/s]
Transcribing: 100%|██████████| 1/1 [00:00<00:00, 12.86it/s]

Transcribing:   0%|          | 0/1 [00:00<?, ?it/s]
Transcribing: 100%|██████████| 1/1 [00:00<00:00, 13.54it/s]

Transcribing:   0%|          | 0/1 [00:00<?, ?it/s]
Transcribing: 100%|██████████| 1/1 [00:00<00:00,  6.38it/s]
Transcribing: 100%|██████████| 1/1 [00:00<00:00,  6.36it/s]

Transcribing:   0%|          | 0/1 [00:00<?, ?it/s]
Transcribing: 100%|██████████| 1/1 [00:00<00:00, 16.97it/s]

Transcribing:   0%|          | 0/1 [00:00<?, ?it/s]
Transcribing: 100%|██████████| 1/1 [00:00<00:00, 12.05it/s]

Transcribing:   0%|          | 0/1 [00:00<?, ?it/s]
Transcribing: 100%|██████████| 1/1 [00:00<00:00,  9.18it/s]
Transcribing: 100%|██████████| 1/1 [00:00<00:00,  9.14it/s]

Transcribing:   0%|          | 0/1 [00:00<?, ?it/s]
Transcribing: 100%|██████████| 1/1 [00:00<00:00, 10.23it/s]

Transcribing:   0%|          | 0/1 [00:00<?, ?it/s]
Transcribing: 100%|██████████| 1/1 [00:00<00:00, 12.94it/s]

Transcribing:   0%|          | 0/1 [00:00<?, ?it/s]
Transcribing: 100%|██████████| 1/1 [00:00<00:00, 10.49it/s]

Transcribing:   0%|          | 0/1 [00:00<?, ?it/s]
Transcribing: 100%|██████████| 1/1 [00:00<00:00,  5.70it/s]
Transcribing: 100%|██████████| 1/1 [00:00<00:00,  5.68it/s]

Transcribing:   0%|          | 0/1 [00:00<?, ?it/s]
Transcribing: 100%|██████████| 1/1 [00:00<00:00,  9.99it/s]
Transcribing: 100%|██████████| 1/1 [00:00<00:00,  9.95it/s]

Transcribing:   0%|          | 0/1 [00:00<?, ?it/s]
Transcribing: 100%|██████████| 1/1 [00:00<00:00, 11.62it/s]

Transcribing:   0%|          | 0/1 [00:00<?, ?it/s]
Transcribing: 100%|██████████| 1/1 [00:00<00:00, 10.17it/s]

Transcribing:   0%|          | 0/1 [00:00<?, ?it/s]
Transcribing: 100%|██████████| 1/1 [00:00<00:00, 10.18it/s]

Transcribing:   0%|          | 0/1 [00:00<?, ?it/s]
Transcribing: 100%|██████████| 1/1 [00:00<00:00,  8.98it/s]
Transcribing: 100%|██████████| 1/1 [00:00<00:00,  8.94it/s]

Transcribing:   0%|          | 0/1 [00:00<?, ?it/s]
Transcribing: 100%|██████████| 1/1 [00:00<00:00, 11.81it/s]

Transcribing:   0%|          | 0/1 [00:00<?, ?it/s]
Transcribing: 100%|██████████| 1/1 [00:00<00:00, 14.61it/s]

Transcribing:   0%|          | 0/1 [00:00<?, ?it/s]
Transcribing: 100%|██████████| 1/1 [00:00<00:00,  9.39it/s]
Transcribing: 100%|██████████| 1/1 [00:00<00:00,  9.35it/s]

Transcribing:   0%|          | 0/1 [00:00<?, ?it/s]
Transcribing: 100%|██████████| 1/1 [00:00<00:00,  7.62it/s]
Transcribing: 100%|██████████| 1/1 [00:00<00:00,  7.59it/s]

Transcribing:   0%|          | 0/1 [00:00<?, ?it/s]
Transcribing: 100%|██████████| 1/1 [00:00<00:00,  3.64it/s]
Transcribing: 100%|██████████| 1/1 [00:00<00:00,  3.64it/s]

Transcribing:   0%|          | 0/1 [00:00<?, ?it/s]
Transcribing: 100%|██████████| 1/1 [00:00<00:00, 13.25it/s]

Transcribing:   0%|          | 0/1 [00:00<?, ?it/s]
Transcribing: 100%|██████████| 1/1 [00:00<00:00,  8.42it/s]
Transcribing: 100%|██████████| 1/1 [00:00<00:00,  8.39it/s]

Transcribing:   0%|          | 0/1 [00:00<?, ?it/s]
Transcribing: 100%|██████████| 1/1 [00:00<00:00, 11.07it/s]

Transcribing:   0%|          | 0/1 [00:00<?, ?it/s]
Transcribing: 100%|██████████| 1/1 [00:00<00:00,  4.50it/s]
Transcribing: 100%|██████████| 1/1 [00:00<00:00,  4.49it/s]

Transcribing:   0%|          | 0/1 [00:00<?, ?it/s]
Transcribing: 100%|██████████| 1/1 [00:00<00:00, 19.80it/s]

Transcribing:   0%|          | 0/1 [00:00<?, ?it/s]
Transcribing: 100%|██████████| 1/1 [00:00<00:00, 14.04it/s]

Transcribing:   0%|          | 0/1 [00:00<?, ?it/s]
Transcribing: 100%|██████████| 1/1 [00:00<00:00,  8.97it/s]
Transcribing: 100%|██████████| 1/1 [00:00<00:00,  8.93it/s]

Transcribing:   0%|          | 0/1 [00:00<?, ?it/s]
Transcribing: 100%|██████████| 1/1 [00:00<00:00, 10.56it/s]

Transcribing:   0%|          | 0/1 [00:00<?, ?it/s]
Transcribing: 100%|██████████| 1/1 [00:00<00:00,  7.22it/s]
Transcribing: 100%|██████████| 1/1 [00:00<00:00,  7.19it/s]

Transcribing:   0%|          | 0/1 [00:00<?, ?it/s]
Transcribing: 100%|██████████| 1/1 [00:00<00:00,  9.29it/s]
Transcribing: 100%|██████████| 1/1 [00:00<00:00,  9.24it/s]

Transcribing:   0%|          | 0/1 [00:00<?, ?it/s]
Transcribing: 100%|██████████| 1/1 [00:00<00:00,  8.92it/s]
Transcribing: 100%|██████████| 1/1 [00:00<00:00,  8.89it/s]

Transcribing:   0%|          | 0/1 [00:00<?, ?it/s]
Transcribing: 100%|██████████| 1/1 [00:00<00:00, 10.09it/s]

Transcribing:   0%|          | 0/1 [00:00<?, ?it/s]
Transcribing: 100%|██████████| 1/1 [00:00<00:00,  8.17it/s]
Transcribing: 100%|██████████| 1/1 [00:00<00:00,  8.14it/s]

Transcribing:   0%|          | 0/1 [00:00<?, ?it/s]
Transcribing: 100%|██████████| 1/1 [00:00<00:00,  7.18it/s]
Transcribing: 100%|██████████| 1/1 [00:00<00:00,  7.16it/s]

Transcribing:   0%|          | 0/1 [00:00<?, ?it/s]
Transcribing: 100%|██████████| 1/1 [00:00<00:00, 10.40it/s]

Transcribing:   0%|          | 0/1 [00:00<?, ?it/s]
Transcribing: 100%|██████████| 1/1 [00:00<00:00,  9.99it/s]
Transcribing: 100%|██████████| 1/1 [00:00<00:00,  9.94it/s]

Transcribing:   0%|          | 0/1 [00:00<?, ?it/s]
Transcribing: 100%|██████████| 1/1 [00:00<00:00, 10.27it/s]

Transcribing:   0%|          | 0/1 [00:00<?, ?it/s]
Transcribing: 100%|██████████| 1/1 [00:00<00:00, 17.95it/s]

Transcribing:   0%|          | 0/1 [00:00<?, ?it/s]
Transcribing: 100%|██████████| 1/1 [00:00<00:00,  7.55it/s]
Transcribing: 100%|██████████| 1/1 [00:00<00:00,  7.53it/s]

Transcribing:   0%|          | 0/1 [00:00<?, ?it/s]
Transcribing: 100%|██████████| 1/1 [00:00<00:00, 15.64it/s]

Transcribing:   0%|          | 0/1 [00:00<?, ?it/s]
Transcribing: 100%|██████████| 1/1 [00:00<00:00, 12.35it/s]

Transcribing:   0%|          | 0/1 [00:00<?, ?it/s]
Transcribing: 100%|██████████| 1/1 [00:00<00:00, 10.71it/s]

Transcribing:   0%|          | 0/1 [00:00<?, ?it/s]
Transcribing: 100%|██████████| 1/1 [00:00<00:00, 13.29it/s]

Transcribing:   0%|          | 0/1 [00:00<?, ?it/s]
Transcribing: 100%|██████████| 1/1 [00:00<00:00, 10.46it/s]

Transcribing:   0%|          | 0/1 [00:00<?, ?it/s]
Transcribing: 100%|██████████| 1/1 [00:00<00:00,  8.93it/s]
Transcribing: 100%|██████████| 1/1 [00:00<00:00,  8.89it/s]

Transcribing:   0%|          | 0/1 [00:00<?, ?it/s]
Transcribing: 100%|██████████| 1/1 [00:00<00:00, 13.15it/s]

Transcribing:   0%|          | 0/1 [00:00<?, ?it/s]
Transcribing: 100%|██████████| 1/1 [00:00<00:00,  9.52it/s]
Transcribing: 100%|██████████| 1/1 [00:00<00:00,  9.48it/s]

Transcribing:   0%|          | 0/1 [00:00<?, ?it/s]
Transcribing: 100%|██████████| 1/1 [00:00<00:00,  6.68it/s]
Transcribing: 100%|██████████| 1/1 [00:00<00:00,  6.65it/s]

Transcribing:   0%|          | 0/1 [00:00<?, ?it/s]
Transcribing: 100%|██████████| 1/1 [00:00<00:00,  9.53it/s]
Transcribing: 100%|██████████| 1/1 [00:00<00:00,  9.48it/s]

Transcribing:   0%|          | 0/1 [00:00<?, ?it/s]
Transcribing: 100%|██████████| 1/1 [00:00<00:00, 13.56it/s]

Transcribing:   0%|          | 0/1 [00:00<?, ?it/s]
Transcribing: 100%|██████████| 1/1 [00:00<00:00,  8.86it/s]
Transcribing: 100%|██████████| 1/1 [00:00<00:00,  8.82it/s]

Transcribing:   0%|          | 0/1 [00:00<?, ?it/s]
Transcribing: 100%|██████████| 1/1 [00:00<00:00,  7.05it/s]
Transcribing: 100%|██████████| 1/1 [00:00<00:00,  7.03it/s]

Transcribing:   0%|          | 0/1 [00:00<?, ?it/s]
Transcribing: 100%|██████████| 1/1 [00:00<00:00, 15.47it/s]

Transcribing:   0%|          | 0/1 [00:00<?, ?it/s]
Transcribing: 100%|██████████| 1/1 [00:00<00:00,  7.64it/s]
Transcribing: 100%|██████████| 1/1 [00:00<00:00,  7.61it/s]

Transcribing:   0%|          | 0/1 [00:00<?, ?it/s]
Transcribing: 100%|██████████| 1/1 [00:00<00:00,  9.52it/s]
Transcribing: 100%|██████████| 1/1 [00:00<00:00,  9.48it/s]

Transcribing:   0%|          | 0/1 [00:00<?, ?it/s]
Transcribing: 100%|██████████| 1/1 [00:00<00:00,  6.47it/s]
Transcribing: 100%|██████████| 1/1 [00:00<00:00,  6.44it/s]

Transcribing:   0%|          | 0/1 [00:00<?, ?it/s]
Transcribing: 100%|██████████| 1/1 [00:00<00:00, 10.27it/s]

Transcribing:   0%|          | 0/1 [00:00<?, ?it/s]
Transcribing: 100%|██████████| 1/1 [00:00<00:00, 14.71it/s]

Transcribing:   0%|          | 0/1 [00:00<?, ?it/s]
Transcribing: 100%|██████████| 1/1 [00:00<00:00, 13.99it/s]

Transcribing:   0%|          | 0/1 [00:00<?, ?it/s]
Transcribing: 100%|██████████| 1/1 [00:00<00:00,  5.96it/s]
Transcribing: 100%|██████████| 1/1 [00:00<00:00,  5.94it/s]

Transcribing:   0%|          | 0/1 [00:00<?, ?it/s]
Transcribing: 100%|██████████| 1/1 [00:00<00:00, 13.10it/s]

Transcribing:   0%|          | 0/1 [00:00<?, ?it/s]
Transcribing: 100%|██████████| 1/1 [00:00<00:00, 10.68it/s]

Transcribing:   0%|          | 0/1 [00:00<?, ?it/s]
Transcribing: 100%|██████████| 1/1 [00:00<00:00, 10.76it/s]

Transcribing:   0%|          | 0/1 [00:00<?, ?it/s]
Transcribing: 100%|██████████| 1/1 [00:00<00:00,  6.87it/s]
Transcribing: 100%|██████████| 1/1 [00:00<00:00,  6.85it/s]

Transcribing:   0%|          | 0/1 [00:00<?, ?it/s]
Transcribing: 100%|██████████| 1/1 [00:00<00:00,  9.17it/s]
Transcribing: 100%|██████████| 1/1 [00:00<00:00,  9.12it/s]

Transcribing:   0%|          | 0/1 [00:00<?, ?it/s]
Transcribing: 100%|██████████| 1/1 [00:00<00:00, 15.59it/s]

Transcribing:   0%|          | 0/1 [00:00<?, ?it/s]
Transcribing: 100%|██████████| 1/1 [00:00<00:00, 14.87it/s]

Transcribing:   0%|          | 0/1 [00:00<?, ?it/s]
Transcribing: 100%|██████████| 1/1 [00:00<00:00, 16.05it/s]

Transcribing:   0%|          | 0/1 [00:00<?, ?it/s]
Transcribing: 100%|██████████| 1/1 [00:00<00:00, 16.75it/s]

Transcribing:   0%|          | 0/1 [00:00<?, ?it/s]
Transcribing: 100%|██████████| 1/1 [00:00<00:00,  9.74it/s]
Transcribing: 100%|██████████| 1/1 [00:00<00:00,  9.69it/s]

Transcribing:   0%|          | 0/1 [00:00<?, ?it/s]
Transcribing: 100%|██████████| 1/1 [00:00<00:00,  7.18it/s]
Transcribing: 100%|██████████| 1/1 [00:00<00:00,  7.15it/s]
2025-10-14 15:47:58 - worker - INFO - Merged 75 segments into 51 diarization-controlled segments
2025-10-14 21:57:32 - app - INFO - Environment validation successful
2025-10-14 21:57:32 - app - INFO - Validated environment variables: ['LOG_LEVEL', 'MAX_FILE_SIZE_MB']
2025-10-14 21:58:37 - app - INFO - Environment validation successful
2025-10-14 21:58:37 - app - INFO - Validated environment variables: ['LOG_LEVEL', 'MAX_FILE_SIZE_MB']
2025-10-14 21:59:05 - app - INFO - Environment validation successful
2025-10-14 21:59:05 - app - INFO - Validated environment variables: ['LOG_LEVEL', 'MAX_FILE_SIZE_MB']
2025-10-14 22:06:10 - app - INFO - Environment validation successful
2025-10-14 22:06:10 - app - INFO - Validated environment variables: ['LOG_LEVEL', 'MAX_FILE_SIZE_MB']
2025-10-14 22:07:59 - app - WARNING - Worker stderr: 2025-10-14 22:06:46 - worker - INFO - Expected number of speakers: 2
[NeMo W 2025-10-14 22:07:03 nemo_logging:405] If you intend to do training or fine-tuning, please call the ModelPT.setup_training_data() method and provide a valid configuration file to setup the train data loader.
    Train config : 
    manifest_filepath: null
    sample_rate: 16000
    batch_size: 1
    shuffle: true
    num_workers: 8
    pin_memory: true
    max_duration: 20
    min_duration: 0.1
    is_tarred: true
    tarred_audio_filepaths: null
    shuffle_n: 2048
    bucketing_strategy: fully_randomized
    bucketing_batch_size:
    - 64
    - 64
    - 32
    - 32
    - 32
    - 32
    - 16
    - 16
    - 64
    - 64
    - 32
    - 32
    - 32
    - 32
    - 16
    - 16
    - 64
    - 64
    - 32
    - 32
    - 32
    - 32
    - 16
    - 16
    defer_setup: true
    
[NeMo W 2025-10-14 22:07:03 nemo_logging:405] If you intend to do validation, please call the ModelPT.setup_validation_data() or ModelPT.setup_multiple_validation_data() method and provide a valid configuration file to setup the validation data loader(s). 
    Validation config : 
    manifest_filepath: null
    sample_rate: 16000
    batch_size: 16
    shuffle: false
    use_start_end_token: false
    num_workers: 8
    pin_memory: true
    
[NeMo W 2025-10-14 22:07:03 nemo_logging:405] Please call the ModelPT.setup_test_data() or ModelPT.setup_multiple_test_data() method and provide a valid configuration file to setup the test data loader(s).
    Test config : 
    manifest_filepath: null
    sample_rate: 16000
    batch_size: 16
    shuffle: false
    use_start_end_token: false
    num_workers: 8
    pin_memory: true
    
[NeMo W 2025-10-14 22:07:19 nemo_logging:405] /home/sun/ai/project/asrdiarize/.venv/lib/python3.12/site-packages/pyannote/audio/utils/reproducibility.py:74: ReproducibilityWarning: TensorFloat-32 (TF32) has been disabled as it might lead to reproducibility issues and lower accuracy.
    It can be re-enabled by calling
       >>> import torch
       >>> torch.backends.cuda.matmul.allow_tf32 = True
       >>> torch.backends.cudnn.allow_tf32 = True
    See https://github.com/pyannote/pyannote-audio/issues/1370 for more details.
    
      warnings.warn(
    

Transcribing:   0%|          | 0/1 [00:00<?, ?it/s]
Transcribing: 100%|██████████| 1/1 [00:00<00:00,  2.46it/s]
Transcribing: 100%|██████████| 1/1 [00:00<00:00,  2.46it/s]

Transcribing:   0%|          | 0/1 [00:00<?, ?it/s]
Transcribing: 100%|██████████| 1/1 [00:00<00:00, 11.72it/s]

Transcribing:   0%|          | 0/1 [00:00<?, ?it/s]
Transcribing: 100%|██████████| 1/1 [00:00<00:00, 11.20it/s]

Transcribing:   0%|          | 0/1 [00:00<?, ?it/s]
Transcribing: 100%|██████████| 1/1 [00:00<00:00,  7.97it/s]
Transcribing: 100%|██████████| 1/1 [00:00<00:00,  7.94it/s]

Transcribing:   0%|          | 0/1 [00:00<?, ?it/s]
Transcribing: 100%|██████████| 1/1 [00:00<00:00, 10.86it/s]

Transcribing:   0%|          | 0/1 [00:00<?, ?it/s]
Transcribing: 100%|██████████| 1/1 [00:00<00:00,  5.12it/s]
Transcribing: 100%|██████████| 1/1 [00:00<00:00,  5.11it/s]

Transcribing:   0%|          | 0/1 [00:00<?, ?it/s]
Transcribing: 100%|██████████| 1/1 [00:00<00:00,  8.72it/s]
Transcribing: 100%|██████████| 1/1 [00:00<00:00,  8.67it/s]

Transcribing:   0%|          | 0/1 [00:00<?, ?it/s]
Transcribing: 100%|██████████| 1/1 [00:00<00:00, 17.57it/s]

Transcribing:   0%|          | 0/1 [00:00<?, ?it/s]
Transcribing: 100%|██████████| 1/1 [00:00<00:00, 13.18it/s]

Transcribing:   0%|          | 0/1 [00:00<?, ?it/s]
Transcribing: 100%|██████████| 1/1 [00:00<00:00, 13.58it/s]

Transcribing:   0%|          | 0/1 [00:00<?, ?it/s]
Transcribing: 100%|██████████| 1/1 [00:00<00:00,  6.38it/s]
Transcribing: 100%|██████████| 1/1 [00:00<00:00,  6.36it/s]

Transcribing:   0%|          | 0/1 [00:00<?, ?it/s]
Transcribing: 100%|██████████| 1/1 [00:00<00:00, 14.71it/s]

Transcribing:   0%|          | 0/1 [00:00<?, ?it/s]
Transcribing: 100%|██████████| 1/1 [00:00<00:00,  8.83it/s]
Transcribing: 100%|██████████| 1/1 [00:00<00:00,  8.80it/s]

Transcribing:   0%|          | 0/1 [00:00<?, ?it/s]
Transcribing: 100%|██████████| 1/1 [00:00<00:00, 11.97it/s]

Transcribing:   0%|          | 0/1 [00:00<?, ?it/s]
Transcribing: 100%|██████████| 1/1 [00:00<00:00,  9.10it/s]
Transcribing: 100%|██████████| 1/1 [00:00<00:00,  9.07it/s]

Transcribing:   0%|          | 0/1 [00:00<?, ?it/s]
Transcribing: 100%|██████████| 1/1 [00:00<00:00,  8.96it/s]
Transcribing: 100%|██████████| 1/1 [00:00<00:00,  8.93it/s]

Transcribing:   0%|          | 0/1 [00:00<?, ?it/s]
Transcribing: 100%|██████████| 1/1 [00:00<00:00, 16.49it/s]

Transcribing:   0%|          | 0/1 [00:00<?, ?it/s]
Transcribing: 100%|██████████| 1/1 [00:00<00:00,  6.36it/s]
Transcribing: 100%|██████████| 1/1 [00:00<00:00,  6.34it/s]

Transcribing:   0%|          | 0/1 [00:00<?, ?it/s]
Transcribing: 100%|██████████| 1/1 [00:00<00:00, 15.58it/s]

Transcribing:   0%|          | 0/1 [00:00<?, ?it/s]
Transcribing: 100%|██████████| 1/1 [00:00<00:00,  9.68it/s]
Transcribing: 100%|██████████| 1/1 [00:00<00:00,  9.64it/s]

Transcribing:   0%|          | 0/1 [00:00<?, ?it/s]
Transcribing: 100%|██████████| 1/1 [00:00<00:00, 15.60it/s]

Transcribing:   0%|          | 0/1 [00:00<?, ?it/s]
Transcribing: 100%|██████████| 1/1 [00:00<00:00, 17.74it/s]

Transcribing:   0%|          | 0/1 [00:00<?, ?it/s]
Transcribing: 100%|██████████| 1/1 [00:00<00:00, 13.18it/s]

Transcribing:   0%|          | 0/1 [00:00<?, ?it/s]
Transcribing: 100%|██████████| 1/1 [00:00<00:00,  9.51it/s]
Transcribing: 100%|██████████| 1/1 [00:00<00:00,  9.48it/s]

Transcribing:   0%|          | 0/1 [00:00<?, ?it/s]
Transcribing: 100%|██████████| 1/1 [00:00<00:00, 17.14it/s]

Transcribing:   0%|          | 0/1 [00:00<?, ?it/s]
Transcribing: 100%|██████████| 1/1 [00:00<00:00, 11.60it/s]

Transcribing:   0%|          | 0/1 [00:00<?, ?it/s]
Transcribing: 100%|██████████| 1/1 [00:00<00:00, 18.10it/s]

Transcribing:   0%|          | 0/1 [00:00<?, ?it/s]
Transcribing: 100%|██████████| 1/1 [00:00<00:00,  9.89it/s]
Transcribing: 100%|██████████| 1/1 [00:00<00:00,  9.86it/s]

Transcribing:   0%|          | 0/1 [00:00<?, ?it/s]
Transcribing: 100%|██████████| 1/1 [00:00<00:00, 13.57it/s]

Transcribing:   0%|          | 0/1 [00:00<?, ?it/s]
Transcribing: 100%|██████████| 1/1 [00:00<00:00, 13.78it/s]

Transcribing:   0%|          | 0/1 [00:00<?, ?it/s]
Transcribing: 100%|██████████| 1/1 [00:00<00:00, 18.62it/s]

Transcribing:   0%|          | 0/1 [00:00<?, ?it/s]
Transcribing: 100%|██████████| 1/1 [00:00<00:00, 17.42it/s]

Transcribing:   0%|          | 0/1 [00:00<?, ?it/s]
Transcribing: 100%|██████████| 1/1 [00:00<00:00, 11.05it/s]

Transcribing:   0%|          | 0/1 [00:00<?, ?it/s]
Transcribing: 100%|██████████| 1/1 [00:00<00:00, 13.17it/s]

Transcribing:   0%|          | 0/1 [00:00<?, ?it/s]
Transcribing: 100%|██████████| 1/1 [00:00<00:00,  9.33it/s]
Transcribing: 100%|██████████| 1/1 [00:00<00:00,  9.29it/s]

Transcribing:   0%|          | 0/1 [00:00<?, ?it/s]
Transcribing: 100%|██████████| 1/1 [00:00<00:00, 17.95it/s]

Transcribing:   0%|          | 0/1 [00:00<?, ?it/s]
Transcribing: 100%|██████████| 1/1 [00:00<00:00, 11.53it/s]

Transcribing:   0%|          | 0/1 [00:00<?, ?it/s]
Transcribing: 100%|██████████| 1/1 [00:00<00:00, 14.92it/s]

Transcribing:   0%|          | 0/1 [00:00<?, ?it/s]
Transcribing: 100%|██████████| 1/1 [00:00<00:00,  7.08it/s]
Transcribing: 100%|██████████| 1/1 [00:00<00:00,  7.06it/s]

Transcribing:   0%|          | 0/1 [00:00<?, ?it/s]
Transcribing: 100%|██████████| 1/1 [00:00<00:00, 10.39it/s]

Transcribing:   0%|          | 0/1 [00:00<?, ?it/s]
Transcribing: 100%|██████████| 1/1 [00:00<00:00, 20.89it/s]

Transcribing:   0%|          | 0/1 [00:00<?, ?it/s]
Transcribing: 100%|██████████| 1/1 [00:00<00:00, 15.26it/s]

Transcribing:   0%|          | 0/1 [00:00<?, ?it/s]
Transcribing: 100%|██████████| 1/1 [00:00<00:00,  9.79it/s]
Transcribing: 100%|██████████| 1/1 [00:00<00:00,  9.75it/s]

Transcribing:   0%|          | 0/1 [00:00<?, ?it/s]
Transcribing: 100%|██████████| 1/1 [00:00<00:00, 15.78it/s]

Transcribing:   0%|          | 0/1 [00:00<?, ?it/s]
Transcribing: 100%|██████████| 1/1 [00:00<00:00, 11.52it/s]

Transcribing:   0%|          | 0/1 [00:00<?, ?it/s]
Transcribing: 100%|██████████| 1/1 [00:00<00:00,  9.92it/s]
Transcribing: 100%|██████████| 1/1 [00:00<00:00,  9.88it/s]

Transcribing:   0%|          | 0/1 [00:00<?, ?it/s]
Transcribing: 100%|██████████| 1/1 [00:00<00:00,  8.15it/s]
Transcribing: 100%|██████████| 1/1 [00:00<00:00,  8.11it/s]

Transcribing:   0%|          | 0/1 [00:00<?, ?it/s]
Transcribing: 100%|██████████| 1/1 [00:00<00:00,  9.39it/s]
Transcribing: 100%|██████████| 1/1 [00:00<00:00,  9.35it/s]

Transcribing:   0%|          | 0/1 [00:00<?, ?it/s]
Transcribing: 100%|██████████| 1/1 [00:00<00:00, 21.36it/s]

Transcribing:   0%|          | 0/1 [00:00<?, ?it/s]
Transcribing: 100%|██████████| 1/1 [00:00<00:00,  5.77it/s]
Transcribing: 100%|██████████| 1/1 [00:00<00:00,  5.75it/s]

Transcribing:   0%|          | 0/1 [00:00<?, ?it/s]
Transcribing: 100%|██████████| 1/1 [00:00<00:00,  9.85it/s]
Transcribing: 100%|██████████| 1/1 [00:00<00:00,  9.81it/s]

Transcribing:   0%|          | 0/1 [00:00<?, ?it/s]
Transcribing: 100%|██████████| 1/1 [00:00<00:00, 12.42it/s]

Transcribing:   0%|          | 0/1 [00:00<?, ?it/s]
Transcribing: 100%|██████████| 1/1 [00:00<00:00, 23.97it/s]

Transcribing:   0%|          | 0/1 [00:00<?, ?it/s]
Transcribing: 100%|██████████| 1/1 [00:00<00:00, 18.77it/s]

Transcribing:   0%|          | 0/1 [00:00<?, ?it/s]
Transcribing: 100%|██████████| 1/1 [00:00<00:00, 14.80it/s]

Transcribing:   0%|          | 0/1 [00:00<?, ?it/s]
Transcribing: 100%|██████████| 1/1 [00:00<00:00, 23.09it/s]

Transcribing:   0%|          | 0/1 [00:00<?, ?it/s]
Transcribing: 100%|██████████| 1/1 [00:00<00:00,  7.13it/s]
Transcribing: 100%|██████████| 1/1 [00:00<00:00,  7.10it/s]

Transcribing:   0%|          | 0/1 [00:00<?, ?it/s]
Transcribing: 100%|██████████| 1/1 [00:00<00:00, 11.60it/s]

Transcribing:   0%|          | 0/1 [00:00<?, ?it/s]
Transcribing: 100%|██████████| 1/1 [00:00<00:00, 10.15it/s]

Transcribing:   0%|          | 0/1 [00:00<?, ?it/s]
Transcribing: 100%|██████████| 1/1 [00:00<00:00, 10.11it/s]

Transcribing:   0%|          | 0/1 [00:00<?, ?it/s]
Transcribing: 100%|██████████| 1/1 [00:00<00:00, 18.64it/s]

Transcribing:   0%|          | 0/1 [00:00<?, ?it/s]
Transcribing: 100%|██████████| 1/1 [00:00<00:00,  8.15it/s]
Transcribing: 100%|██████████| 1/1 [00:00<00:00,  8.12it/s]

Transcribing:   0%|          | 0/1 [00:00<?, ?it/s]
Transcribing: 100%|██████████| 1/1 [00:00<00:00, 13.36it/s]

Transcribing:   0%|          | 0/1 [00:00<?, ?it/s]
Transcribing: 100%|██████████| 1/1 [00:00<00:00,  9.91it/s]
Transcribing: 100%|██████████| 1/1 [00:00<00:00,  9.86it/s]

Transcribing:   0%|          | 0/1 [00:00<?, ?it/s]
Transcribing: 100%|██████████| 1/1 [00:00<00:00, 17.18it/s]

Transcribing:   0%|          | 0/1 [00:00<?, ?it/s]
Transcribing: 100%|██████████| 1/1 [00:00<00:00, 11.85it/s]

Transcribing:   0%|          | 0/1 [00:00<?, ?it/s]
Transcribing: 100%|██████████| 1/1 [00:00<00:00, 20.96it/s]

Transcribing:   0%|          | 0/1 [00:00<?, ?it/s]
Transcribing: 100%|██████████| 1/1 [00:00<00:00, 15.69it/s]

Transcribing:   0%|          | 0/1 [00:00<?, ?it/s]
Transcribing: 100%|██████████| 1/1 [00:00<00:00, 21.87it/s]

Transcribing:   0%|          | 0/1 [00:00<?, ?it/s]
Transcribing: 100%|██████████| 1/1 [00:00<00:00, 10.20it/s]

Transcribing:   0%|          | 0/1 [00:00<?, ?it/s]
Transcribing: 100%|██████████| 1/1 [00:00<00:00, 16.74it/s]

Transcribing:   0%|          | 0/1 [00:00<?, ?it/s]
Transcribing: 100%|██████████| 1/1 [00:00<00:00,  7.07it/s]
Transcribing: 100%|██████████| 1/1 [00:00<00:00,  7.05it/s]

Transcribing:   0%|          | 0/1 [00:00<?, ?it/s]
Transcribing: 100%|██████████| 1/1 [00:00<00:00, 10.08it/s]

Transcribing:   0%|          | 0/1 [00:00<?, ?it/s]
Transcribing: 100%|██████████| 1/1 [00:00<00:00, 17.82it/s]

Transcribing:   0%|          | 0/1 [00:00<?, ?it/s]
Transcribing: 100%|██████████| 1/1 [00:00<00:00, 14.90it/s]

Transcribing:   0%|          | 0/1 [00:00<?, ?it/s]
Transcribing: 100%|██████████| 1/1 [00:00<00:00,  8.26it/s]
Transcribing: 100%|██████████| 1/1 [00:00<00:00,  8.23it/s]

Transcribing:   0%|          | 0/1 [00:00<?, ?it/s]
Transcribing: 100%|██████████| 1/1 [00:00<00:00, 11.52it/s]

Transcribing:   0%|          | 0/1 [00:00<?, ?it/s]
Transcribing: 100%|██████████| 1/1 [00:00<00:00, 13.97it/s]

Transcribing:   0%|          | 0/1 [00:00<?, ?it/s]
Transcribing: 100%|██████████| 1/1 [00:00<00:00, 20.93it/s]

Transcribing:   0%|          | 0/1 [00:00<?, ?it/s]
Transcribing: 100%|██████████| 1/1 [00:00<00:00,  9.18it/s]
Transcribing: 100%|██████████| 1/1 [00:00<00:00,  9.15it/s]

Transcribing:   0%|          | 0/1 [00:00<?, ?it/s]
Transcribing: 100%|██████████| 1/1 [00:00<00:00,  9.72it/s]
Transcribing: 100%|██████████| 1/1 [00:00<00:00,  9.67it/s]

Transcribing:   0%|          | 0/1 [00:00<?, ?it/s]
Transcribing: 100%|██████████| 1/1 [00:00<00:00, 17.33it/s]

Transcribing:   0%|          | 0/1 [00:00<?, ?it/s]
Transcribing: 100%|██████████| 1/1 [00:00<00:00,  7.17it/s]
Transcribing: 100%|██████████| 1/1 [00:00<00:00,  7.15it/s]

Transcribing:   0%|          | 0/1 [00:00<?, ?it/s]
Transcribing: 100%|██████████| 1/1 [00:00<00:00, 10.23it/s]

Transcribing:   0%|          | 0/1 [00:00<?, ?it/s]
Transcribing: 100%|██████████| 1/1 [00:00<00:00, 15.56it/s]

Transcribing:   0%|          | 0/1 [00:00<?, ?it/s]
Transcribing: 100%|██████████| 1/1 [00:00<00:00, 15.36it/s]

Transcribing:   0%|          | 0/1 [00:00<?, ?it/s]
Transcribing: 100%|██████████| 1/1 [00:00<00:00, 10.51it/s]

Transcribing:   0%|          | 0/1 [00:00<?, ?it/s]
Transcribing: 100%|██████████| 1/1 [00:00<00:00, 18.24it/s]

Transcribing:   0%|          | 0/1 [00:00<?, ?it/s]
Transcribing: 100%|██████████| 1/1 [00:00<00:00, 20.73it/s]

Transcribing:   0%|          | 0/1 [00:00<?, ?it/s]
Transcribing: 100%|██████████| 1/1 [00:00<00:00,  7.91it/s]
Transcribing: 100%|██████████| 1/1 [00:00<00:00,  7.88it/s]

Transcribing:   0%|          | 0/1 [00:00<?, ?it/s]
Transcribing: 100%|██████████| 1/1 [00:00<00:00,  7.82it/s]
Transcribing: 100%|██████████| 1/1 [00:00<00:00,  7.79it/s]

Transcribing:   0%|          | 0/1 [00:00<?, ?it/s]
Transcribing: 100%|██████████| 1/1 [00:00<00:00, 16.87it/s]

Transcribing:   0%|          | 0/1 [00:00<?, ?it/s]
Transcribing: 100%|██████████| 1/1 [00:00<00:00,  4.75it/s]
Transcribing: 100%|██████████| 1/1 [00:00<00:00,  4.74it/s]

Transcribing:   0%|          | 0/1 [00:00<?, ?it/s]
Transcribing: 100%|██████████| 1/1 [00:00<00:00, 13.36it/s]

Transcribing:   0%|          | 0/1 [00:00<?, ?it/s]
Transcribing: 100%|██████████| 1/1 [00:00<00:00, 21.67it/s]

Transcribing:   0%|          | 0/1 [00:00<?, ?it/s]
Transcribing: 100%|██████████| 1/1 [00:00<00:00, 16.80it/s]

Transcribing:   0%|          | 0/1 [00:00<?, ?it/s]
Transcribing: 100%|██████████| 1/1 [00:00<00:00, 11.72it/s]

Transcribing:   0%|          | 0/1 [00:00<?, ?it/s]
Transcribing: 100%|██████████| 1/1 [00:00<00:00, 10.61it/s]

Transcribing:   0%|          | 0/1 [00:00<?, ?it/s]
Transcribing: 100%|██████████| 1/1 [00:00<00:00, 17.29it/s]

Transcribing:   0%|          | 0/1 [00:00<?, ?it/s]
Transcribing: 100%|██████████| 1/1 [00:00<00:00,  7.75it/s]
Transcribing: 100%|██████████| 1/1 [00:00<00:00,  7.73it/s]

Transcribing:   0%|          | 0/1 [00:00<?, ?it/s]
Transcribing: 100%|██████████| 1/1 [00:00<00:00, 15.66it/s]

Transcribing:   0%|          | 0/1 [00:00<?, ?it/s]
Transcribing: 100%|██████████| 1/1 [00:00<00:00, 14.65it/s]

Transcribing:   0%|          | 0/1 [00:00<?, ?it/s]
Transcribing: 100%|██████████| 1/1 [00:00<00:00, 20.29it/s]

Transcribing:   0%|          | 0/1 [00:00<?, ?it/s]
Transcribing: 100%|██████████| 1/1 [00:00<00:00, 16.53it/s]

Transcribing:   0%|          | 0/1 [00:00<?, ?it/s]
Transcribing: 100%|██████████| 1/1 [00:00<00:00, 11.96it/s]

Transcribing:   0%|          | 0/1 [00:00<?, ?it/s]
Transcribing: 100%|██████████| 1/1 [00:00<00:00,  9.89it/s]
Transcribing: 100%|██████████| 1/1 [00:00<00:00,  9.85it/s]

Transcribing:   0%|          | 0/1 [00:00<?, ?it/s]
Transcribing: 100%|██████████| 1/1 [00:00<00:00, 11.28it/s]

Transcribing:   0%|          | 0/1 [00:00<?, ?it/s]
Transcribing: 100%|██████████| 1/1 [00:00<00:00, 13.29it/s]

Transcribing:   0%|          | 0/1 [00:00<?, ?it/s]
Transcribing: 100%|██████████| 1/1 [00:00<00:00,  9.29it/s]
Transcribing: 100%|██████████| 1/1 [00:00<00:00,  9.25it/s]

Transcribing:   0%|          | 0/1 [00:00<?, ?it/s]
Transcribing: 100%|██████████| 1/1 [00:00<00:00, 15.87it/s]

Transcribing:   0%|          | 0/1 [00:00<?, ?it/s]
Transcribing: 100%|██████████| 1/1 [00:00<00:00, 15.80it/s]

Transcribing:   0%|          | 0/1 [00:00<?, ?it/s]
Transcribing: 100%|██████████| 1/1 [00:00<00:00,  9.56it/s]
Transcribing: 100%|██████████| 1/1 [00:00<00:00,  9.52it/s]

Transcribing:   0%|          | 0/1 [00:00<?, ?it/s]
Transcribing: 100%|██████████| 1/1 [00:00<00:00,  6.67it/s]
Transcribing: 100%|██████████| 1/1 [00:00<00:00,  6.65it/s]

Transcribing:   0%|          | 0/1 [00:00<?, ?it/s]
Transcribing: 100%|██████████| 1/1 [00:00<00:00, 16.85it/s]

Transcribing:   0%|          | 0/1 [00:00<?, ?it/s]
Transcribing: 100%|██████████| 1/1 [00:00<00:00, 16.66it/s]

Transcribing:   0%|          | 0/1 [00:00<?, ?it/s]
Transcribing: 100%|██████████| 1/1 [00:00<00:00, 14.79it/s]

Transcribing:   0%|          | 0/1 [00:00<?, ?it/s]
Transcribing: 100%|██████████| 1/1 [00:00<00:00, 16.15it/s]

Transcribing:   0%|          | 0/1 [00:00<?, ?it/s]
Transcribing: 100%|██████████| 1/1 [00:00<00:00, 10.40it/s]

Transcribing:   0%|          | 0/1 [00:00<?, ?it/s]
Transcribing: 100%|██████████| 1/1 [00:00<00:00, 11.89it/s]

Transcribing:   0%|          | 0/1 [00:00<?, ?it/s]
Transcribing: 100%|██████████| 1/1 [00:00<00:00, 20.81it/s]

Transcribing:   0%|          | 0/1 [00:00<?, ?it/s]
Transcribing: 100%|██████████| 1/1 [00:00<00:00, 13.61it/s]

Transcribing:   0%|          | 0/1 [00:00<?, ?it/s]
Transcribing: 100%|██████████| 1/1 [00:00<00:00, 15.43it/s]

Transcribing:   0%|          | 0/1 [00:00<?, ?it/s]
Transcribing: 100%|██████████| 1/1 [00:00<00:00,  4.06it/s]
Transcribing: 100%|██████████| 1/1 [00:00<00:00,  4.05it/s]

Transcribing:   0%|          | 0/1 [00:00<?, ?it/s]
Transcribing: 100%|██████████| 1/1 [00:00<00:00, 10.76it/s]

Transcribing:   0%|          | 0/1 [00:00<?, ?it/s]
Transcribing: 100%|██████████| 1/1 [00:00<00:00,  9.90it/s]
Transcribing: 100%|██████████| 1/1 [00:00<00:00,  9.85it/s]

Transcribing:   0%|          | 0/1 [00:00<?, ?it/s]
Transcribing: 100%|██████████| 1/1 [00:00<00:00, 23.39it/s]

Transcribing:   0%|          | 0/1 [00:00<?, ?it/s]
Transcribing: 100%|██████████| 1/1 [00:00<00:00, 16.82it/s]

Transcribing:   0%|          | 0/1 [00:00<?, ?it/s]
Transcribing: 100%|██████████| 1/1 [00:00<00:00, 10.71it/s]

Transcribing:   0%|          | 0/1 [00:00<?, ?it/s]
Transcribing: 100%|██████████| 1/1 [00:00<00:00,  4.90it/s]
Transcribing: 100%|██████████| 1/1 [00:00<00:00,  4.89it/s]

Transcribing:   0%|          | 0/1 [00:00<?, ?it/s]
Transcribing: 100%|██████████| 1/1 [00:00<00:00,  2.89it/s]
Transcribing: 100%|██████████| 1/1 [00:00<00:00,  2.89it/s]

Transcribing:   0%|          | 0/1 [00:00<?, ?it/s]
Transcribing: 100%|██████████| 1/1 [00:00<00:00,  3.93it/s]
Transcribing: 100%|██████████| 1/1 [00:00<00:00,  3.93it/s]

Transcribing:   0%|          | 0/1 [00:00<?, ?it/s]
Transcribing: 100%|██████████| 1/1 [00:00<00:00, 12.15it/s]
2025-10-14 22:07:52 - worker - INFO - Merged 132 segments into 110 diarization-controlled segments
2025-10-15 07:47:23 - app - INFO - Environment validation successful
2025-10-15 07:47:23 - app - INFO - Validated environment variables: ['LOG_LEVEL', 'MAX_FILE_SIZE_MB']
2025-10-15 07:48:06 - app - INFO - TempFileTracker session started
2025-10-15 07:48:08 - app - INFO - Created temporary file: [REDACTED] (purpose: audio_conversion)
2025-10-15 07:48:53 - app - INFO - Created temporary file: [REDACTED] (purpose: asr_segment)
2025-10-15 07:48:53 - app - INFO - Created temporary file: [REDACTED] (purpose: asr_segment)
2025-10-15 07:48:54 - app - INFO - Created temporary file: [REDACTED] (purpose: asr_segment)
2025-10-15 07:48:54 - app - INFO - Created temporary file: [REDACTED] (purpose: asr_segment)
2025-10-15 07:48:54 - app - INFO - Created temporary file: [REDACTED] (purpose: asr_segment)
2025-10-15 07:48:54 - app - INFO - Created temporary file: [REDACTED] (purpose: asr_segment)
2025-10-15 07:48:54 - app - INFO - Created temporary file: [REDACTED] (purpose: asr_segment)
2025-10-15 07:48:54 - app - INFO - Created temporary file: [REDACTED] (purpose: asr_segment)
2025-10-15 07:48:54 - app - INFO - Created temporary file: [REDACTED] (purpose: asr_segment)
2025-10-15 07:48:54 - app - INFO - Created temporary file: [REDACTED] (purpose: asr_segment)
2025-10-15 07:48:54 - app - INFO - Created temporary file: [REDACTED] (purpose: asr_segment)
2025-10-15 07:48:55 - app - INFO - Created temporary file: [REDACTED] (purpose: asr_segment)
2025-10-15 07:48:55 - app - INFO - Created temporary file: [REDACTED] (purpose: asr_segment)
2025-10-15 07:48:55 - app - INFO - Created temporary file: [REDACTED] (purpose: asr_segment)
2025-10-15 07:48:55 - app - INFO - Created temporary file: [REDACTED] (purpose: asr_segment)
2025-10-15 07:48:55 - app - INFO - Created temporary file: [REDACTED] (purpose: asr_segment)
2025-10-15 07:48:55 - app - INFO - Created temporary file: [REDACTED] (purpose: asr_segment)
2025-10-15 07:48:55 - app - INFO - Created temporary file: [REDACTED] (purpose: asr_segment)
2025-10-15 07:48:55 - app - INFO - Created temporary file: [REDACTED] (purpose: asr_segment)
2025-10-15 07:48:55 - app - INFO - Created temporary file: [REDACTED] (purpose: asr_segment)
2025-10-15 07:48:56 - app - INFO - Created temporary file: [REDACTED] (purpose: asr_segment)
2025-10-15 07:48:56 - app - INFO - Created temporary file: [REDACTED] (purpose: asr_segment)
2025-10-15 07:48:56 - app - INFO - Created temporary file: [REDACTED] (purpose: asr_segment)
2025-10-15 07:48:56 - app - INFO - Created temporary file: [REDACTED] (purpose: asr_segment)
2025-10-15 07:48:56 - app - INFO - Created temporary file: [REDACTED] (purpose: asr_segment)
2025-10-15 07:48:56 - app - INFO - Created temporary file: [REDACTED] (purpose: asr_segment)
2025-10-15 07:48:56 - app - INFO - Created temporary file: [REDACTED] (purpose: asr_segment)
2025-10-15 07:48:56 - app - INFO - Created temporary file: [REDACTED] (purpose: asr_segment)
2025-10-15 07:48:56 - app - INFO - Created temporary file: [REDACTED] (purpose: asr_segment)
2025-10-15 07:48:56 - app - INFO - Created temporary file: [REDACTED] (purpose: asr_segment)
2025-10-15 07:48:56 - app - INFO - Created temporary file: [REDACTED] (purpose: asr_segment)
2025-10-15 07:48:57 - app - INFO - Created temporary file: [REDACTED] (purpose: asr_segment)
2025-10-15 07:48:57 - app - INFO - Created temporary file: [REDACTED] (purpose: asr_segment)
2025-10-15 07:48:57 - app - INFO - Created temporary file: [REDACTED] (purpose: asr_segment)
2025-10-15 07:48:57 - app - INFO - Created temporary file: [REDACTED] (purpose: asr_segment)
2025-10-15 07:48:57 - app - INFO - Created temporary file: [REDACTED] (purpose: asr_segment)
2025-10-15 07:48:57 - app - INFO - Created temporary file: [REDACTED] (purpose: asr_segment)
2025-10-15 07:48:57 - app - INFO - Created temporary file: [REDACTED] (purpose: asr_segment)
2025-10-15 07:48:57 - app - INFO - Created temporary file: [REDACTED] (purpose: asr_segment)
2025-10-15 07:48:57 - app - INFO - Created temporary file: [REDACTED] (purpose: asr_segment)
2025-10-15 07:48:57 - app - INFO - Created temporary file: [REDACTED] (purpose: asr_segment)
2025-10-15 07:48:58 - app - INFO - Created temporary file: [REDACTED] (purpose: asr_segment)
2025-10-15 07:48:58 - app - INFO - Created temporary file: [REDACTED] (purpose: asr_segment)
2025-10-15 07:48:58 - app - INFO - Created temporary file: [REDACTED] (purpose: asr_segment)
2025-10-15 07:48:58 - app - INFO - Created temporary file: [REDACTED] (purpose: asr_segment)
2025-10-15 07:48:58 - app - INFO - Created temporary file: [REDACTED] (purpose: asr_segment)
2025-10-15 07:48:58 - app - INFO - Created temporary file: [REDACTED] (purpose: asr_segment)
2025-10-15 07:48:58 - app - INFO - Created temporary file: [REDACTED] (purpose: asr_segment)
2025-10-15 07:48:58 - app - INFO - Created temporary file: [REDACTED] (purpose: asr_segment)
2025-10-15 07:48:58 - app - INFO - Created temporary file: [REDACTED] (purpose: asr_segment)
2025-10-15 07:48:59 - app - INFO - Created temporary file: [REDACTED] (purpose: asr_segment)
2025-10-15 07:48:59 - app - INFO - Created temporary file: [REDACTED] (purpose: asr_segment)
2025-10-15 07:48:59 - app - INFO - Created temporary file: [REDACTED] (purpose: asr_segment)
2025-10-15 07:48:59 - app - INFO - Created temporary file: [REDACTED] (purpose: asr_segment)
2025-10-15 07:48:59 - app - INFO - Created temporary file: [REDACTED] (purpose: asr_segment)
2025-10-15 07:48:59 - app - INFO - Created temporary file: [REDACTED] (purpose: asr_segment)
2025-10-15 07:48:59 - app - INFO - Created temporary file: [REDACTED] (purpose: asr_segment)
2025-10-15 07:48:59 - app - INFO - Created temporary file: [REDACTED] (purpose: asr_segment)
2025-10-15 07:48:59 - app - INFO - Created temporary file: [REDACTED] (purpose: asr_segment)
2025-10-15 07:48:59 - app - INFO - Created temporary file: [REDACTED] (purpose: asr_segment)
2025-10-15 07:48:59 - app - INFO - Created temporary file: [REDACTED] (purpose: asr_segment)
2025-10-15 07:49:00 - app - INFO - Created temporary file: [REDACTED] (purpose: asr_segment)
2025-10-15 07:49:00 - app - INFO - Created temporary file: [REDACTED] (purpose: asr_segment)
2025-10-15 07:49:00 - app - INFO - Created temporary file: [REDACTED] (purpose: asr_segment)
2025-10-15 07:49:00 - app - INFO - Created temporary file: [REDACTED] (purpose: asr_segment)
2025-10-15 07:49:00 - app - INFO - Created temporary file: [REDACTED] (purpose: asr_segment)
2025-10-15 07:49:00 - app - INFO - Created temporary file: [REDACTED] (purpose: asr_segment)
2025-10-15 07:49:00 - app - INFO - Created temporary file: [REDACTED] (purpose: asr_segment)
2025-10-15 07:49:00 - app - INFO - Created temporary file: [REDACTED] (purpose: asr_segment)
2025-10-15 07:49:00 - app - INFO - Created temporary file: [REDACTED] (purpose: asr_segment)
2025-10-15 07:49:01 - app - INFO - Created temporary file: [REDACTED] (purpose: asr_segment)
2025-10-15 07:49:01 - app - INFO - Created temporary file: [REDACTED] (purpose: asr_segment)
2025-10-15 07:49:01 - app - INFO - Created temporary file: [REDACTED] (purpose: asr_segment)
2025-10-15 07:49:01 - app - INFO - Created temporary file: [REDACTED] (purpose: asr_segment)
2025-10-15 07:49:01 - app - INFO - Created temporary file: [REDACTED] (purpose: asr_segment)
2025-10-15 07:49:01 - app - INFO - Created temporary file: [REDACTED] (purpose: asr_segment)
2025-10-15 07:49:01 - app - INFO - Created temporary file: [REDACTED] (purpose: asr_segment)
2025-10-15 07:49:01 - app - INFO - Created temporary file: [REDACTED] (purpose: asr_segment)
2025-10-15 07:49:01 - app - INFO - Created temporary file: [REDACTED] (purpose: asr_segment)
2025-10-15 07:49:02 - app - INFO - Created temporary file: [REDACTED] (purpose: asr_segment)
2025-10-15 07:49:02 - app - INFO - Created temporary file: [REDACTED] (purpose: asr_segment)
2025-10-15 07:49:02 - app - INFO - Created temporary file: [REDACTED] (purpose: asr_segment)
2025-10-15 07:49:02 - app - INFO - Created temporary file: [REDACTED] (purpose: asr_segment)
2025-10-15 07:49:02 - app - INFO - Created temporary file: [REDACTED] (purpose: asr_segment)
2025-10-15 07:49:02 - app - INFO - Created temporary file: [REDACTED] (purpose: asr_segment)
2025-10-15 07:49:02 - app - INFO - Created temporary file: [REDACTED] (purpose: asr_segment)
2025-10-15 07:49:02 - app - INFO - Created temporary file: [REDACTED] (purpose: asr_segment)
2025-10-15 07:49:02 - app - INFO - Created temporary file: [REDACTED] (purpose: asr_segment)
2025-10-15 07:49:02 - app - INFO - Created temporary file: [REDACTED] (purpose: asr_segment)
2025-10-15 07:49:03 - app - INFO - Created temporary file: [REDACTED] (purpose: asr_segment)
2025-10-15 07:49:03 - app - INFO - Created temporary file: [REDACTED] (purpose: asr_segment)
2025-10-15 07:49:03 - app - INFO - Created temporary file: [REDACTED] (purpose: asr_segment)
2025-10-15 07:49:03 - app - INFO - Created temporary file: [REDACTED] (purpose: asr_segment)
2025-10-15 07:49:03 - app - INFO - Created temporary file: [REDACTED] (purpose: asr_segment)
2025-10-15 07:49:03 - app - INFO - Created temporary file: [REDACTED] (purpose: asr_segment)
2025-10-15 07:49:03 - app - INFO - Created temporary file: [REDACTED] (purpose: asr_segment)
2025-10-15 07:49:03 - app - INFO - Created temporary file: [REDACTED] (purpose: asr_segment)
2025-10-15 07:49:04 - app - INFO - Created temporary file: [REDACTED] (purpose: asr_segment)
2025-10-15 07:49:04 - app - INFO - Created temporary file: [REDACTED] (purpose: asr_segment)
2025-10-15 07:49:04 - app - INFO - Created temporary file: [REDACTED] (purpose: asr_segment)
2025-10-15 07:49:04 - app - INFO - Created temporary file: [REDACTED] (purpose: asr_segment)
2025-10-15 07:49:04 - app - INFO - Created temporary file: [REDACTED] (purpose: asr_segment)
2025-10-15 07:49:04 - app - INFO - Created temporary file: [REDACTED] (purpose: asr_segment)
2025-10-15 07:49:04 - app - INFO - Created temporary file: [REDACTED] (purpose: asr_segment)
2025-10-15 07:49:04 - app - INFO - Created temporary file: [REDACTED] (purpose: asr_segment)
2025-10-15 07:49:04 - app - INFO - Created temporary file: [REDACTED] (purpose: asr_segment)
2025-10-15 07:49:04 - app - INFO - Created temporary file: [REDACTED] (purpose: asr_segment)
2025-10-15 07:49:04 - app - INFO - Created temporary file: [REDACTED] (purpose: asr_segment)
2025-10-15 07:49:05 - app - INFO - Created temporary file: [REDACTED] (purpose: asr_segment)
2025-10-15 07:49:05 - app - INFO - Created temporary file: [REDACTED] (purpose: asr_segment)
2025-10-15 07:49:05 - app - INFO - Created temporary file: [REDACTED] (purpose: asr_segment)
2025-10-15 07:49:05 - app - INFO - Created temporary file: [REDACTED] (purpose: asr_segment)
2025-10-15 07:49:05 - app - INFO - Created temporary file: [REDACTED] (purpose: asr_segment)
2025-10-15 07:49:05 - app - INFO - Created temporary file: [REDACTED] (purpose: asr_segment)
2025-10-15 07:49:05 - app - INFO - Created temporary file: [REDACTED] (purpose: asr_segment)
2025-10-15 07:49:05 - app - INFO - Created temporary file: [REDACTED] (purpose: asr_segment)
2025-10-15 07:49:05 - app - INFO - Created temporary file: [REDACTED] (purpose: asr_segment)
2025-10-15 07:49:05 - app - INFO - Created temporary file: [REDACTED] (purpose: asr_segment)
2025-10-15 07:49:06 - app - INFO - Created temporary file: [REDACTED] (purpose: asr_segment)
2025-10-15 07:49:06 - app - INFO - Created temporary file: [REDACTED] (purpose: asr_segment)
2025-10-15 07:49:06 - app - INFO - Created temporary file: [REDACTED] (purpose: asr_segment)
2025-10-15 07:49:06 - app - INFO - Created temporary file: [REDACTED] (purpose: asr_segment)
2025-10-15 07:49:06 - app - INFO - Created temporary file: [REDACTED] (purpose: asr_segment)
2025-10-15 07:49:06 - app - INFO - Created temporary file: [REDACTED] (purpose: asr_segment)
2025-10-15 07:49:06 - app - INFO - Created temporary file: [REDACTED] (purpose: asr_segment)
2025-10-15 07:49:06 - app - INFO - Created temporary file: [REDACTED] (purpose: asr_segment)
2025-10-15 07:49:06 - app - INFO - Created temporary file: [REDACTED] (purpose: asr_segment)
2025-10-15 07:49:07 - app - INFO - Created temporary file: [REDACTED] (purpose: asr_segment)
2025-10-15 07:49:07 - app - INFO - Created temporary file: [REDACTED] (purpose: asr_segment)
2025-10-15 07:49:07 - app - INFO - Created temporary file: [REDACTED] (purpose: asr_segment)
2025-10-15 07:49:07 - app - INFO - Created temporary file: [REDACTED] (purpose: asr_segment)
2025-10-15 07:49:08 - app - INFO - Created temporary file: [REDACTED] (purpose: asr_segment)
2025-10-15 07:49:08 - app - INFO - Starting cleanup of 133 files and 0 directories
2025-10-15 07:49:08 - app - INFO - Successfully deleted file: [REDACTED] (purpose: audio_conversion, size: 0 bytes, access_count: 0)
2025-10-15 07:49:08 - app - INFO - Successfully deleted file: [REDACTED] (purpose: asr_segment, size: 0 bytes, access_count: 0)
2025-10-15 07:49:08 - app - INFO - Successfully deleted file: [REDACTED] (purpose: asr_segment, size: 0 bytes, access_count: 0)
2025-10-15 07:49:08 - app - INFO - Successfully deleted file: [REDACTED] (purpose: asr_segment, size: 0 bytes, access_count: 0)
2025-10-15 07:49:08 - app - INFO - Successfully deleted file: [REDACTED] (purpose: asr_segment, size: 0 bytes, access_count: 0)
2025-10-15 07:49:08 - app - INFO - Successfully deleted file: [REDACTED] (purpose: asr_segment, size: 0 bytes, access_count: 0)
2025-10-15 07:49:08 - app - INFO - Successfully deleted file: [REDACTED] (purpose: asr_segment, size: 0 bytes, access_count: 0)
2025-10-15 07:49:08 - app - INFO - Successfully deleted file: [REDACTED] (purpose: asr_segment, size: 0 bytes, access_count: 0)
2025-10-15 07:49:08 - app - INFO - Successfully deleted file: [REDACTED] (purpose: asr_segment, size: 0 bytes, access_count: 0)
2025-10-15 07:49:08 - app - INFO - Successfully deleted file: [REDACTED] (purpose: asr_segment, size: 0 bytes, access_count: 0)
2025-10-15 07:49:08 - app - INFO - Successfully deleted file: [REDACTED] (purpose: asr_segment, size: 0 bytes, access_count: 0)
2025-10-15 07:49:08 - app - INFO - Successfully deleted file: [REDACTED] (purpose: asr_segment, size: 0 bytes, access_count: 0)
2025-10-15 07:49:08 - app - INFO - Successfully deleted file: [REDACTED] (purpose: asr_segment, size: 0 bytes, access_count: 0)
2025-10-15 07:49:08 - app - INFO - Successfully deleted file: [REDACTED] (purpose: asr_segment, size: 0 bytes, access_count: 0)
2025-10-15 07:49:08 - app - INFO - Successfully deleted file: [REDACTED] (purpose: asr_segment, size: 0 bytes, access_count: 0)
2025-10-15 07:49:08 - app - INFO - Successfully deleted file: [REDACTED] (purpose: asr_segment, size: 0 bytes, access_count: 0)
2025-10-15 07:49:08 - app - INFO - Successfully deleted file: [REDACTED] (purpose: asr_segment, size: 0 bytes, access_count: 0)
2025-10-15 07:49:08 - app - INFO - Successfully deleted file: [REDACTED] (purpose: asr_segment, size: 0 bytes, access_count: 0)
2025-10-15 07:49:08 - app - INFO - Successfully deleted file: [REDACTED] (purpose: asr_segment, size: 0 bytes, access_count: 0)
2025-10-15 07:49:08 - app - INFO - Successfully deleted file: [REDACTED] (purpose: asr_segment, size: 0 bytes, access_count: 0)
2025-10-15 07:49:08 - app - INFO - Successfully deleted file: [REDACTED] (purpose: asr_segment, size: 0 bytes, access_count: 0)
2025-10-15 07:49:08 - app - INFO - Successfully deleted file: [REDACTED] (purpose: asr_segment, size: 0 bytes, access_count: 0)
2025-10-15 07:49:08 - app - INFO - Successfully deleted file: [REDACTED] (purpose: asr_segment, size: 0 bytes, access_count: 0)
2025-10-15 07:49:08 - app - INFO - Successfully deleted file: [REDACTED] (purpose: asr_segment, size: 0 bytes, access_count: 0)
2025-10-15 07:49:08 - app - INFO - Successfully deleted file: [REDACTED] (purpose: asr_segment, size: 0 bytes, access_count: 0)
2025-10-15 07:49:08 - app - INFO - Successfully deleted file: [REDACTED] (purpose: asr_segment, size: 0 bytes, access_count: 0)
2025-10-15 07:49:08 - app - INFO - Successfully deleted file: [REDACTED] (purpose: asr_segment, size: 0 bytes, access_count: 0)
2025-10-15 07:49:08 - app - INFO - Successfully deleted file: [REDACTED] (purpose: asr_segment, size: 0 bytes, access_count: 0)
2025-10-15 07:49:08 - app - INFO - Successfully deleted file: [REDACTED] (purpose: asr_segment, size: 0 bytes, access_count: 0)
2025-10-15 07:49:08 - app - INFO - Successfully deleted file: [REDACTED] (purpose: asr_segment, size: 0 bytes, access_count: 0)
2025-10-15 07:49:08 - app - INFO - Successfully deleted file: [REDACTED] (purpose: asr_segment, size: 0 bytes, access_count: 0)
2025-10-15 07:49:08 - app - INFO - Successfully deleted file: [REDACTED] (purpose: asr_segment, size: 0 bytes, access_count: 0)
2025-10-15 07:49:08 - app - INFO - Successfully deleted file: [REDACTED] (purpose: asr_segment, size: 0 bytes, access_count: 0)
2025-10-15 07:49:08 - app - INFO - Successfully deleted file: [REDACTED] (purpose: asr_segment, size: 0 bytes, access_count: 0)
2025-10-15 07:49:08 - app - INFO - Successfully deleted file: [REDACTED] (purpose: asr_segment, size: 0 bytes, access_count: 0)
2025-10-15 07:49:08 - app - INFO - Successfully deleted file: [REDACTED] (purpose: asr_segment, size: 0 bytes, access_count: 0)
2025-10-15 07:49:08 - app - INFO - Successfully deleted file: [REDACTED] (purpose: asr_segment, size: 0 bytes, access_count: 0)
2025-10-15 07:49:08 - app - INFO - Successfully deleted file: [REDACTED] (purpose: asr_segment, size: 0 bytes, access_count: 0)
2025-10-15 07:49:08 - app - INFO - Successfully deleted file: [REDACTED] (purpose: asr_segment, size: 0 bytes, access_count: 0)
2025-10-15 07:49:08 - app - INFO - Successfully deleted file: [REDACTED] (purpose: asr_segment, size: 0 bytes, access_count: 0)
2025-10-15 07:49:08 - app - INFO - Successfully deleted file: [REDACTED] (purpose: asr_segment, size: 0 bytes, access_count: 0)
2025-10-15 07:49:08 - app - INFO - Successfully deleted file: [REDACTED] (purpose: asr_segment, size: 0 bytes, access_count: 0)
2025-10-15 07:49:08 - app - INFO - Successfully deleted file: [REDACTED] (purpose: asr_segment, size: 0 bytes, access_count: 0)
2025-10-15 07:49:08 - app - INFO - Successfully deleted file: [REDACTED] (purpose: asr_segment, size: 0 bytes, access_count: 0)
2025-10-15 07:49:08 - app - INFO - Successfully deleted file: [REDACTED] (purpose: asr_segment, size: 0 bytes, access_count: 0)
2025-10-15 07:49:08 - app - INFO - Successfully deleted file: [REDACTED] (purpose: asr_segment, size: 0 bytes, access_count: 0)
2025-10-15 07:49:08 - app - INFO - Successfully deleted file: [REDACTED] (purpose: asr_segment, size: 0 bytes, access_count: 0)
2025-10-15 07:49:08 - app - INFO - Successfully deleted file: [REDACTED] (purpose: asr_segment, size: 0 bytes, access_count: 0)
2025-10-15 07:49:08 - app - INFO - Successfully deleted file: [REDACTED] (purpose: asr_segment, size: 0 bytes, access_count: 0)
2025-10-15 07:49:08 - app - INFO - Successfully deleted file: [REDACTED] (purpose: asr_segment, size: 0 bytes, access_count: 0)
2025-10-15 07:49:08 - app - INFO - Successfully deleted file: [REDACTED] (purpose: asr_segment, size: 0 bytes, access_count: 0)
2025-10-15 07:49:08 - app - INFO - Successfully deleted file: [REDACTED] (purpose: asr_segment, size: 0 bytes, access_count: 0)
2025-10-15 07:49:08 - app - INFO - Successfully deleted file: [REDACTED] (purpose: asr_segment, size: 0 bytes, access_count: 0)
2025-10-15 07:49:08 - app - INFO - Successfully deleted file: [REDACTED] (purpose: asr_segment, size: 0 bytes, access_count: 0)
2025-10-15 07:49:08 - app - INFO - Successfully deleted file: [REDACTED] (purpose: asr_segment, size: 0 bytes, access_count: 0)
2025-10-15 07:49:08 - app - INFO - Successfully deleted file: [REDACTED] (purpose: asr_segment, size: 0 bytes, access_count: 0)
2025-10-15 07:49:08 - app - INFO - Successfully deleted file: [REDACTED] (purpose: asr_segment, size: 0 bytes, access_count: 0)
2025-10-15 07:49:08 - app - INFO - Successfully deleted file: [REDACTED] (purpose: asr_segment, size: 0 bytes, access_count: 0)
2025-10-15 07:49:08 - app - INFO - Successfully deleted file: [REDACTED] (purpose: asr_segment, size: 0 bytes, access_count: 0)
2025-10-15 07:49:08 - app - INFO - Successfully deleted file: [REDACTED] (purpose: asr_segment, size: 0 bytes, access_count: 0)
2025-10-15 07:49:08 - app - INFO - Successfully deleted file: [REDACTED] (purpose: asr_segment, size: 0 bytes, access_count: 0)
2025-10-15 07:49:08 - app - INFO - Successfully deleted file: [REDACTED] (purpose: asr_segment, size: 0 bytes, access_count: 0)
2025-10-15 07:49:08 - app - INFO - Successfully deleted file: [REDACTED] (purpose: asr_segment, size: 0 bytes, access_count: 0)
2025-10-15 07:49:08 - app - INFO - Successfully deleted file: [REDACTED] (purpose: asr_segment, size: 0 bytes, access_count: 0)
2025-10-15 07:49:08 - app - INFO - Successfully deleted file: [REDACTED] (purpose: asr_segment, size: 0 bytes, access_count: 0)
2025-10-15 07:49:08 - app - INFO - Successfully deleted file: [REDACTED] (purpose: asr_segment, size: 0 bytes, access_count: 0)
2025-10-15 07:49:08 - app - INFO - Successfully deleted file: [REDACTED] (purpose: asr_segment, size: 0 bytes, access_count: 0)
2025-10-15 07:49:08 - app - INFO - Successfully deleted file: [REDACTED] (purpose: asr_segment, size: 0 bytes, access_count: 0)
2025-10-15 07:49:08 - app - INFO - Successfully deleted file: [REDACTED] (purpose: asr_segment, size: 0 bytes, access_count: 0)
2025-10-15 07:49:08 - app - INFO - Successfully deleted file: [REDACTED] (purpose: asr_segment, size: 0 bytes, access_count: 0)
2025-10-15 07:49:08 - app - INFO - Successfully deleted file: [REDACTED] (purpose: asr_segment, size: 0 bytes, access_count: 0)
2025-10-15 07:49:08 - app - INFO - Successfully deleted file: [REDACTED] (purpose: asr_segment, size: 0 bytes, access_count: 0)
2025-10-15 07:49:08 - app - INFO - Successfully deleted file: [REDACTED] (purpose: asr_segment, size: 0 bytes, access_count: 0)
2025-10-15 07:49:08 - app - INFO - Successfully deleted file: [REDACTED] (purpose: asr_segment, size: 0 bytes, access_count: 0)
2025-10-15 07:49:08 - app - INFO - Successfully deleted file: [REDACTED] (purpose: asr_segment, size: 0 bytes, access_count: 0)
2025-10-15 07:49:08 - app - INFO - Successfully deleted file: [REDACTED] (purpose: asr_segment, size: 0 bytes, access_count: 0)
2025-10-15 07:49:08 - app - INFO - Successfully deleted file: [REDACTED] (purpose: asr_segment, size: 0 bytes, access_count: 0)
2025-10-15 07:49:08 - app - INFO - Successfully deleted file: [REDACTED] (purpose: asr_segment, size: 0 bytes, access_count: 0)
2025-10-15 07:49:08 - app - INFO - Successfully deleted file: [REDACTED] (purpose: asr_segment, size: 0 bytes, access_count: 0)
2025-10-15 07:49:08 - app - INFO - Successfully deleted file: [REDACTED] (purpose: asr_segment, size: 0 bytes, access_count: 0)
2025-10-15 07:49:08 - app - INFO - Successfully deleted file: [REDACTED] (purpose: asr_segment, size: 0 bytes, access_count: 0)
2025-10-15 07:49:08 - app - INFO - Successfully deleted file: [REDACTED] (purpose: asr_segment, size: 0 bytes, access_count: 0)
2025-10-15 07:49:08 - app - INFO - Successfully deleted file: [REDACTED] (purpose: asr_segment, size: 0 bytes, access_count: 0)
2025-10-15 07:49:08 - app - INFO - Successfully deleted file: [REDACTED] (purpose: asr_segment, size: 0 bytes, access_count: 0)
2025-10-15 07:49:08 - app - INFO - Successfully deleted file: [REDACTED] (purpose: asr_segment, size: 0 bytes, access_count: 0)
2025-10-15 07:49:08 - app - INFO - Successfully deleted file: [REDACTED] (purpose: asr_segment, size: 0 bytes, access_count: 0)
2025-10-15 07:49:08 - app - INFO - Successfully deleted file: [REDACTED] (purpose: asr_segment, size: 0 bytes, access_count: 0)
2025-10-15 07:49:08 - app - INFO - Successfully deleted file: [REDACTED] (purpose: asr_segment, size: 0 bytes, access_count: 0)
2025-10-15 07:49:08 - app - INFO - Successfully deleted file: [REDACTED] (purpose: asr_segment, size: 0 bytes, access_count: 0)
2025-10-15 07:49:08 - app - INFO - Successfully deleted file: [REDACTED] (purpose: asr_segment, size: 0 bytes, access_count: 0)
2025-10-15 07:49:08 - app - INFO - Successfully deleted file: [REDACTED] (purpose: asr_segment, size: 0 bytes, access_count: 0)
2025-10-15 07:49:08 - app - INFO - Successfully deleted file: [REDACTED] (purpose: asr_segment, size: 0 bytes, access_count: 0)
2025-10-15 07:49:08 - app - INFO - Successfully deleted file: [REDACTED] (purpose: asr_segment, size: 0 bytes, access_count: 0)
2025-10-15 07:49:08 - app - INFO - Successfully deleted file: [REDACTED] (purpose: asr_segment, size: 0 bytes, access_count: 0)
2025-10-15 07:49:08 - app - INFO - Successfully deleted file: [REDACTED] (purpose: asr_segment, size: 0 bytes, access_count: 0)
2025-10-15 07:49:08 - app - INFO - Successfully deleted file: [REDACTED] (purpose: asr_segment, size: 0 bytes, access_count: 0)
2025-10-15 07:49:08 - app - INFO - Successfully deleted file: [REDACTED] (purpose: asr_segment, size: 0 bytes, access_count: 0)
2025-10-15 07:49:08 - app - INFO - Successfully deleted file: [REDACTED] (purpose: asr_segment, size: 0 bytes, access_count: 0)
2025-10-15 07:49:08 - app - INFO - Successfully deleted file: [REDACTED] (purpose: asr_segment, size: 0 bytes, access_count: 0)
2025-10-15 07:49:08 - app - INFO - Successfully deleted file: [REDACTED] (purpose: asr_segment, size: 0 bytes, access_count: 0)
2025-10-15 07:49:08 - app - INFO - Successfully deleted file: [REDACTED] (purpose: asr_segment, size: 0 bytes, access_count: 0)
2025-10-15 07:49:08 - app - INFO - Successfully deleted file: [REDACTED] (purpose: asr_segment, size: 0 bytes, access_count: 0)
2025-10-15 07:49:08 - app - INFO - Successfully deleted file: [REDACTED] (purpose: asr_segment, size: 0 bytes, access_count: 0)
2025-10-15 07:49:08 - app - INFO - Successfully deleted file: [REDACTED] (purpose: asr_segment, size: 0 bytes, access_count: 0)
2025-10-15 07:49:08 - app - INFO - Successfully deleted file: [REDACTED] (purpose: asr_segment, size: 0 bytes, access_count: 0)
2025-10-15 07:49:08 - app - INFO - Successfully deleted file: [REDACTED] (purpose: asr_segment, size: 0 bytes, access_count: 0)
2025-10-15 07:49:08 - app - INFO - Successfully deleted file: [REDACTED] (purpose: asr_segment, size: 0 bytes, access_count: 0)
2025-10-15 07:49:08 - app - INFO - Successfully deleted file: [REDACTED] (purpose: asr_segment, size: 0 bytes, access_count: 0)
2025-10-15 07:49:08 - app - INFO - Successfully deleted file: [REDACTED] (purpose: asr_segment, size: 0 bytes, access_count: 0)
2025-10-15 07:49:08 - app - INFO - Successfully deleted file: [REDACTED] (purpose: asr_segment, size: 0 bytes, access_count: 0)
2025-10-15 07:49:08 - app - INFO - Successfully deleted file: [REDACTED] (purpose: asr_segment, size: 0 bytes, access_count: 0)
2025-10-15 07:49:08 - app - INFO - Successfully deleted file: [REDACTED] (purpose: asr_segment, size: 0 bytes, access_count: 0)
2025-10-15 07:49:08 - app - INFO - Successfully deleted file: [REDACTED] (purpose: asr_segment, size: 0 bytes, access_count: 0)
2025-10-15 07:49:08 - app - INFO - Successfully deleted file: [REDACTED] (purpose: asr_segment, size: 0 bytes, access_count: 0)
2025-10-15 07:49:08 - app - INFO - Successfully deleted file: [REDACTED] (purpose: asr_segment, size: 0 bytes, access_count: 0)
2025-10-15 07:49:08 - app - INFO - Successfully deleted file: [REDACTED] (purpose: asr_segment, size: 0 bytes, access_count: 0)
2025-10-15 07:49:08 - app - INFO - Successfully deleted file: [REDACTED] (purpose: asr_segment, size: 0 bytes, access_count: 0)
2025-10-15 07:49:08 - app - INFO - Successfully deleted file: [REDACTED] (purpose: asr_segment, size: 0 bytes, access_count: 0)
2025-10-15 07:49:08 - app - INFO - Successfully deleted file: [REDACTED] (purpose: asr_segment, size: 0 bytes, access_count: 0)
2025-10-15 07:49:08 - app - INFO - Successfully deleted file: [REDACTED] (purpose: asr_segment, size: 0 bytes, access_count: 0)
2025-10-15 07:49:08 - app - INFO - Successfully deleted file: [REDACTED] (purpose: asr_segment, size: 0 bytes, access_count: 0)
2025-10-15 07:49:08 - app - INFO - Successfully deleted file: [REDACTED] (purpose: asr_segment, size: 0 bytes, access_count: 0)
2025-10-15 07:49:08 - app - INFO - Successfully deleted file: [REDACTED] (purpose: asr_segment, size: 0 bytes, access_count: 0)
2025-10-15 07:49:08 - app - INFO - Successfully deleted file: [REDACTED] (purpose: asr_segment, size: 0 bytes, access_count: 0)
2025-10-15 07:49:08 - app - INFO - Successfully deleted file: [REDACTED] (purpose: asr_segment, size: 0 bytes, access_count: 0)
2025-10-15 07:49:08 - app - INFO - Successfully deleted file: [REDACTED] (purpose: asr_segment, size: 0 bytes, access_count: 0)
2025-10-15 07:49:08 - app - INFO - Successfully deleted file: [REDACTED] (purpose: asr_segment, size: 0 bytes, access_count: 0)
2025-10-15 07:49:08 - app - INFO - Successfully deleted file: [REDACTED] (purpose: asr_segment, size: 0 bytes, access_count: 0)
2025-10-15 07:49:08 - app - INFO - Successfully deleted file: [REDACTED] (purpose: asr_segment, size: 0 bytes, access_count: 0)
2025-10-15 07:49:08 - app - INFO - Successfully deleted file: [REDACTED] (purpose: asr_segment, size: 0 bytes, access_count: 0)
2025-10-15 07:49:08 - app - INFO - Successfully deleted file: [REDACTED] (purpose: asr_segment, size: 0 bytes, access_count: 0)
2025-10-15 07:49:08 - app - INFO - Successfully deleted file: [REDACTED] (purpose: asr_segment, size: 0 bytes, access_count: 0)
2025-10-15 07:49:08 - app - INFO - Successfully deleted file: [REDACTED] (purpose: asr_segment, size: 0 bytes, access_count: 0)
2025-10-15 07:49:08 - app - INFO - TempFileTracker session ended. Cleanup successful: True
2025-10-15 07:49:13 - app - WARNING - Worker stderr: 2025-10-15 07:48:06 - app - INFO - TempFileTracker session started
2025-10-15 07:48:06 - worker - INFO - Expected number of speakers: 2
2025-10-15 07:48:08 - app - INFO - Created temporary file: [REDACTED] (purpose: audio_conversion)
[NeMo W 2025-10-15 07:48:24 nemo_logging:405] If you intend to do training or fine-tuning, please call the ModelPT.setup_training_data() method and provide a valid configuration file to setup the train data loader.
    Train config : 
    manifest_filepath: null
    sample_rate: 16000
    batch_size: 1
    shuffle: true
    num_workers: 8
    pin_memory: true
    max_duration: 20
    min_duration: 0.1
    is_tarred: true
    tarred_audio_filepaths: null
    shuffle_n: 2048
    bucketing_strategy: fully_randomized
    bucketing_batch_size:
    - 64
    - 64
    - 32
    - 32
    - 32
    - 32
    - 16
    - 16
    - 64
    - 64
    - 32
    - 32
    - 32
    - 32
    - 16
    - 16
    - 64
    - 64
    - 32
    - 32
    - 32
    - 32
    - 16
    - 16
    defer_setup: true
    
[NeMo W 2025-10-15 07:48:24 nemo_logging:405] If you intend to do validation, please call the ModelPT.setup_validation_data() or ModelPT.setup_multiple_validation_data() method and provide a valid configuration file to setup the validation data loader(s). 
    Validation config : 
    manifest_filepath: null
    sample_rate: 16000
    batch_size: 16
    shuffle: false
    use_start_end_token: false
    num_workers: 8
    pin_memory: true
    
[NeMo W 2025-10-15 07:48:24 nemo_logging:405] Please call the ModelPT.setup_test_data() or ModelPT.setup_multiple_test_data() method and provide a valid configuration file to setup the test data loader(s).
    Test config : 
    manifest_filepath: null
    sample_rate: 16000
    batch_size: 16
    shuffle: false
    use_start_end_token: false
    num_workers: 8
    pin_memory: true
    
[NeMo W 2025-10-15 07:48:37 nemo_logging:405] /home/sun/ai/project/asrdiarize/.venv/lib/python3.12/site-packages/pyannote/audio/utils/reproducibility.py:74: ReproducibilityWarning: TensorFloat-32 (TF32) has been disabled as it might lead to reproducibility issues and lower accuracy.
    It can be re-enabled by calling
       >>> import torch
       >>> torch.backends.cuda.matmul.allow_tf32 = True
       >>> torch.backends.cudnn.allow_tf32 = True
    See https://github.com/pyannote/pyannote-audio/issues/1370 for more details.
    
      warnings.warn(
    
2025-10-15 07:48:53 - app - INFO - Created temporary file: [REDACTED] (purpose: asr_segment)

Transcribing:   0%|          | 0/1 [00:00<?, ?it/s]
Transcribing: 100%|██████████| 1/1 [00:00<00:00,  2.39it/s]
Transcribing: 100%|██████████| 1/1 [00:00<00:00,  2.38it/s]
2025-10-15 07:48:53 - app - INFO - Created temporary file: [REDACTED] (purpose: asr_segment)

Transcribing:   0%|          | 0/1 [00:00<?, ?it/s]
Transcribing: 100%|██████████| 1/1 [00:00<00:00, 10.67it/s]
2025-10-15 07:48:54 - app - INFO - Created temporary file: [REDACTED] (purpose: asr_segment)

Transcribing:   0%|          | 0/1 [00:00<?, ?it/s]
Transcribing: 100%|██████████| 1/1 [00:00<00:00, 13.17it/s]
2025-10-15 07:48:54 - app - INFO - Created temporary file: [REDACTED] (purpose: asr_segment)

Transcribing:   0%|          | 0/1 [00:00<?, ?it/s]
Transcribing: 100%|██████████| 1/1 [00:00<00:00,  9.02it/s]
Transcribing: 100%|██████████| 1/1 [00:00<00:00,  8.98it/s]
2025-10-15 07:48:54 - app - INFO - Created temporary file: [REDACTED] (purpose: asr_segment)

Transcribing:   0%|          | 0/1 [00:00<?, ?it/s]
Transcribing: 100%|██████████| 1/1 [00:00<00:00, 13.95it/s]
2025-10-15 07:48:54 - app - INFO - Created temporary file: [REDACTED] (purpose: asr_segment)

Transcribing:   0%|          | 0/1 [00:00<?, ?it/s]
Transcribing: 100%|██████████| 1/1 [00:00<00:00,  5.36it/s]
Transcribing: 100%|██████████| 1/1 [00:00<00:00,  5.34it/s]
2025-10-15 07:48:54 - app - INFO - Created temporary file: [REDACTED] (purpose: asr_segment)

Transcribing:   0%|          | 0/1 [00:00<?, ?it/s]
Transcribing: 100%|██████████| 1/1 [00:00<00:00, 10.71it/s]
2025-10-15 07:48:54 - app - INFO - Created temporary file: [REDACTED] (purpose: asr_segment)

Transcribing:   0%|          | 0/1 [00:00<?, ?it/s]
Transcribing: 100%|██████████| 1/1 [00:00<00:00, 15.58it/s]
2025-10-15 07:48:54 - app - INFO - Created temporary file: [REDACTED] (purpose: asr_segment)

Transcribing:   0%|          | 0/1 [00:00<?, ?it/s]
Transcribing: 100%|██████████| 1/1 [00:00<00:00, 15.27it/s]
2025-10-15 07:48:54 - app - INFO - Created temporary file: [REDACTED] (purpose: asr_segment)

Transcribing:   0%|          | 0/1 [00:00<?, ?it/s]
Transcribing: 100%|██████████| 1/1 [00:00<00:00, 16.84it/s]
2025-10-15 07:48:54 - app - INFO - Created temporary file: [REDACTED] (purpose: asr_segment)

Transcribing:   0%|          | 0/1 [00:00<?, ?it/s]
Transcribing: 100%|██████████| 1/1 [00:00<00:00,  8.83it/s]
Transcribing: 100%|██████████| 1/1 [00:00<00:00,  8.79it/s]
2025-10-15 07:48:55 - app - INFO - Created temporary file: [REDACTED] (purpose: asr_segment)

Transcribing:   0%|          | 0/1 [00:00<?, ?it/s]
Transcribing: 100%|██████████| 1/1 [00:00<00:00, 15.16it/s]
2025-10-15 07:48:55 - app - INFO - Created temporary file: [REDACTED] (purpose: asr_segment)

Transcribing:   0%|          | 0/1 [00:00<?, ?it/s]
Transcribing: 100%|██████████| 1/1 [00:00<00:00, 12.25it/s]
2025-10-15 07:48:55 - app - INFO - Created temporary file: [REDACTED] (purpose: asr_segment)

Transcribing:   0%|          | 0/1 [00:00<?, ?it/s]
Transcribing: 100%|██████████| 1/1 [00:00<00:00, 11.33it/s]
2025-10-15 07:48:55 - app - INFO - Created temporary file: [REDACTED] (purpose: asr_segment)

Transcribing:   0%|          | 0/1 [00:00<?, ?it/s]
Transcribing: 100%|██████████| 1/1 [00:00<00:00,  8.14it/s]
Transcribing: 100%|██████████| 1/1 [00:00<00:00,  8.11it/s]
2025-10-15 07:48:55 - app - INFO - Created temporary file: [REDACTED] (purpose: asr_segment)

Transcribing:   0%|          | 0/1 [00:00<?, ?it/s]
Transcribing: 100%|██████████| 1/1 [00:00<00:00, 10.83it/s]
2025-10-15 07:48:55 - app - INFO - Created temporary file: [REDACTED] (purpose: asr_segment)

Transcribing:   0%|          | 0/1 [00:00<?, ?it/s]
Transcribing: 100%|██████████| 1/1 [00:00<00:00, 16.44it/s]
2025-10-15 07:48:55 - app - INFO - Created temporary file: [REDACTED] (purpose: asr_segment)

Transcribing:   0%|          | 0/1 [00:00<?, ?it/s]
Transcribing: 100%|██████████| 1/1 [00:00<00:00,  6.06it/s]
Transcribing: 100%|██████████| 1/1 [00:00<00:00,  6.04it/s]
2025-10-15 07:48:55 - app - INFO - Created temporary file: [REDACTED] (purpose: asr_segment)

Transcribing:   0%|          | 0/1 [00:00<?, ?it/s]
Transcribing: 100%|██████████| 1/1 [00:00<00:00, 20.78it/s]
2025-10-15 07:48:55 - app - INFO - Created temporary file: [REDACTED] (purpose: asr_segment)

Transcribing:   0%|          | 0/1 [00:00<?, ?it/s]
Transcribing: 100%|██████████| 1/1 [00:00<00:00,  9.89it/s]
Transcribing: 100%|██████████| 1/1 [00:00<00:00,  9.84it/s]
2025-10-15 07:48:56 - app - INFO - Created temporary file: [REDACTED] (purpose: asr_segment)

Transcribing:   0%|          | 0/1 [00:00<?, ?it/s]
Transcribing: 100%|██████████| 1/1 [00:00<00:00, 16.13it/s]
2025-10-15 07:48:56 - app - INFO - Created temporary file: [REDACTED] (purpose: asr_segment)

Transcribing:   0%|          | 0/1 [00:00<?, ?it/s]
Transcribing: 100%|██████████| 1/1 [00:00<00:00, 22.84it/s]
2025-10-15 07:48:56 - app - INFO - Created temporary file: [REDACTED] (purpose: asr_segment)

Transcribing:   0%|          | 0/1 [00:00<?, ?it/s]
Transcribing: 100%|██████████| 1/1 [00:00<00:00, 10.93it/s]
2025-10-15 07:48:56 - app - INFO - Created temporary file: [REDACTED] (purpose: asr_segment)

Transcribing:   0%|          | 0/1 [00:00<?, ?it/s]
Transcribing: 100%|██████████| 1/1 [00:00<00:00, 10.34it/s]
2025-10-15 07:48:56 - app - INFO - Created temporary file: [REDACTED] (purpose: asr_segment)

Transcribing:   0%|          | 0/1 [00:00<?, ?it/s]
Transcribing: 100%|██████████| 1/1 [00:00<00:00, 17.53it/s]
2025-10-15 07:48:56 - app - INFO - Created temporary file: [REDACTED] (purpose: asr_segment)

Transcribing:   0%|          | 0/1 [00:00<?, ?it/s]
Transcribing: 100%|██████████| 1/1 [00:00<00:00, 13.29it/s]
2025-10-15 07:48:56 - app - INFO - Created temporary file: [REDACTED] (purpose: asr_segment)

Transcribing:   0%|          | 0/1 [00:00<?, ?it/s]
Transcribing: 100%|██████████| 1/1 [00:00<00:00, 22.44it/s]
2025-10-15 07:48:56 - app - INFO - Created temporary file: [REDACTED] (purpose: asr_segment)

Transcribing:   0%|          | 0/1 [00:00<?, ?it/s]
Transcribing: 100%|██████████| 1/1 [00:00<00:00,  9.99it/s]
Transcribing: 100%|██████████| 1/1 [00:00<00:00,  9.94it/s]
2025-10-15 07:48:56 - app - INFO - Created temporary file: [REDACTED] (purpose: asr_segment)

Transcribing:   0%|          | 0/1 [00:00<?, ?it/s]
Transcribing: 100%|██████████| 1/1 [00:00<00:00, 14.40it/s]
2025-10-15 07:48:56 - app - INFO - Created temporary file: [REDACTED] (purpose: asr_segment)

Transcribing:   0%|          | 0/1 [00:00<?, ?it/s]
Transcribing: 100%|██████████| 1/1 [00:00<00:00, 12.36it/s]
2025-10-15 07:48:56 - app - INFO - Created temporary file: [REDACTED] (purpose: asr_segment)

Transcribing:   0%|          | 0/1 [00:00<?, ?it/s]
Transcribing: 100%|██████████| 1/1 [00:00<00:00, 19.83it/s]
2025-10-15 07:48:57 - app - INFO - Created temporary file: [REDACTED] (purpose: asr_segment)

Transcribing:   0%|          | 0/1 [00:00<?, ?it/s]
Transcribing: 100%|██████████| 1/1 [00:00<00:00, 22.49it/s]
2025-10-15 07:48:57 - app - INFO - Created temporary file: [REDACTED] (purpose: asr_segment)

Transcribing:   0%|          | 0/1 [00:00<?, ?it/s]
Transcribing: 100%|██████████| 1/1 [00:00<00:00, 15.76it/s]
2025-10-15 07:48:57 - app - INFO - Created temporary file: [REDACTED] (purpose: asr_segment)

Transcribing:   0%|          | 0/1 [00:00<?, ?it/s]
Transcribing: 100%|██████████| 1/1 [00:00<00:00, 14.74it/s]
2025-10-15 07:48:57 - app - INFO - Created temporary file: [REDACTED] (purpose: asr_segment)

Transcribing:   0%|          | 0/1 [00:00<?, ?it/s]
Transcribing: 100%|██████████| 1/1 [00:00<00:00,  8.14it/s]
Transcribing: 100%|██████████| 1/1 [00:00<00:00,  8.11it/s]
2025-10-15 07:48:57 - app - INFO - Created temporary file: [REDACTED] (purpose: asr_segment)

Transcribing:   0%|          | 0/1 [00:00<?, ?it/s]
Transcribing: 100%|██████████| 1/1 [00:00<00:00, 19.18it/s]
2025-10-15 07:48:57 - app - INFO - Created temporary file: [REDACTED] (purpose: asr_segment)

Transcribing:   0%|          | 0/1 [00:00<?, ?it/s]
Transcribing: 100%|██████████| 1/1 [00:00<00:00, 10.35it/s]
2025-10-15 07:48:57 - app - INFO - Created temporary file: [REDACTED] (purpose: asr_segment)

Transcribing:   0%|          | 0/1 [00:00<?, ?it/s]
Transcribing: 100%|██████████| 1/1 [00:00<00:00, 21.08it/s]
2025-10-15 07:48:57 - app - INFO - Created temporary file: [REDACTED] (purpose: asr_segment)

Transcribing:   0%|          | 0/1 [00:00<?, ?it/s]
Transcribing: 100%|██████████| 1/1 [00:00<00:00,  6.85it/s]
Transcribing: 100%|██████████| 1/1 [00:00<00:00,  6.83it/s]
2025-10-15 07:48:57 - app - INFO - Created temporary file: [REDACTED] (purpose: asr_segment)

Transcribing:   0%|          | 0/1 [00:00<?, ?it/s]
Transcribing: 100%|██████████| 1/1 [00:00<00:00,  9.96it/s]
Transcribing: 100%|██████████| 1/1 [00:00<00:00,  9.91it/s]
2025-10-15 07:48:57 - app - INFO - Created temporary file: [REDACTED] (purpose: asr_segment)

Transcribing:   0%|          | 0/1 [00:00<?, ?it/s]
Transcribing: 100%|██████████| 1/1 [00:00<00:00, 20.61it/s]
2025-10-15 07:48:58 - app - INFO - Created temporary file: [REDACTED] (purpose: asr_segment)

Transcribing:   0%|          | 0/1 [00:00<?, ?it/s]
Transcribing: 100%|██████████| 1/1 [00:00<00:00, 13.88it/s]
2025-10-15 07:48:58 - app - INFO - Created temporary file: [REDACTED] (purpose: asr_segment)

Transcribing:   0%|          | 0/1 [00:00<?, ?it/s]
Transcribing: 100%|██████████| 1/1 [00:00<00:00, 11.82it/s]
2025-10-15 07:48:58 - app - INFO - Created temporary file: [REDACTED] (purpose: asr_segment)

Transcribing:   0%|          | 0/1 [00:00<?, ?it/s]
Transcribing: 100%|██████████| 1/1 [00:00<00:00, 15.02it/s]
2025-10-15 07:48:58 - app - INFO - Created temporary file: [REDACTED] (purpose: asr_segment)

Transcribing:   0%|          | 0/1 [00:00<?, ?it/s]
Transcribing: 100%|██████████| 1/1 [00:00<00:00, 11.61it/s]
2025-10-15 07:48:58 - app - INFO - Created temporary file: [REDACTED] (purpose: asr_segment)

Transcribing:   0%|          | 0/1 [00:00<?, ?it/s]
Transcribing: 100%|██████████| 1/1 [00:00<00:00, 11.09it/s]
2025-10-15 07:48:58 - app - INFO - Created temporary file: [REDACTED] (purpose: asr_segment)

Transcribing:   0%|          | 0/1 [00:00<?, ?it/s]
Transcribing: 100%|██████████| 1/1 [00:00<00:00,  8.30it/s]
Transcribing: 100%|██████████| 1/1 [00:00<00:00,  8.28it/s]
2025-10-15 07:48:58 - app - INFO - Created temporary file: [REDACTED] (purpose: asr_segment)

Transcribing:   0%|          | 0/1 [00:00<?, ?it/s]
Transcribing: 100%|██████████| 1/1 [00:00<00:00, 10.90it/s]
2025-10-15 07:48:58 - app - INFO - Created temporary file: [REDACTED] (purpose: asr_segment)

Transcribing:   0%|          | 0/1 [00:00<?, ?it/s]
Transcribing: 100%|██████████| 1/1 [00:00<00:00, 19.52it/s]
2025-10-15 07:48:58 - app - INFO - Created temporary file: [REDACTED] (purpose: asr_segment)

Transcribing:   0%|          | 0/1 [00:00<?, ?it/s]
Transcribing: 100%|██████████| 1/1 [00:00<00:00,  7.37it/s]
Transcribing: 100%|██████████| 1/1 [00:00<00:00,  7.35it/s]
2025-10-15 07:48:59 - app - INFO - Created temporary file: [REDACTED] (purpose: asr_segment)

Transcribing:   0%|          | 0/1 [00:00<?, ?it/s]
Transcribing: 100%|██████████| 1/1 [00:00<00:00, 10.00it/s]
2025-10-15 07:48:59 - app - INFO - Created temporary file: [REDACTED] (purpose: asr_segment)

Transcribing:   0%|          | 0/1 [00:00<?, ?it/s]
Transcribing: 100%|██████████| 1/1 [00:00<00:00,  9.79it/s]
Transcribing: 100%|██████████| 1/1 [00:00<00:00,  9.75it/s]
2025-10-15 07:48:59 - app - INFO - Created temporary file: [REDACTED] (purpose: asr_segment)

Transcribing:   0%|          | 0/1 [00:00<?, ?it/s]
Transcribing: 100%|██████████| 1/1 [00:00<00:00, 19.92it/s]
2025-10-15 07:48:59 - app - INFO - Created temporary file: [REDACTED] (purpose: asr_segment)

Transcribing:   0%|          | 0/1 [00:00<?, ?it/s]
Transcribing: 100%|██████████| 1/1 [00:00<00:00, 21.90it/s]
2025-10-15 07:48:59 - app - INFO - Created temporary file: [REDACTED] (purpose: asr_segment)

Transcribing:   0%|          | 0/1 [00:00<?, ?it/s]
Transcribing: 100%|██████████| 1/1 [00:00<00:00, 15.68it/s]
2025-10-15 07:48:59 - app - INFO - Created temporary file: [REDACTED] (purpose: asr_segment)

Transcribing:   0%|          | 0/1 [00:00<?, ?it/s]
Transcribing: 100%|██████████| 1/1 [00:00<00:00, 19.65it/s]
2025-10-15 07:48:59 - app - INFO - Created temporary file: [REDACTED] (purpose: asr_segment)

Transcribing:   0%|          | 0/1 [00:00<?, ?it/s]
Transcribing: 100%|██████████| 1/1 [00:00<00:00, 11.33it/s]
2025-10-15 07:48:59 - app - INFO - Created temporary file: [REDACTED] (purpose: asr_segment)

Transcribing:   0%|          | 0/1 [00:00<?, ?it/s]
Transcribing: 100%|██████████| 1/1 [00:00<00:00, 23.78it/s]
2025-10-15 07:48:59 - app - INFO - Created temporary file: [REDACTED] (purpose: asr_segment)

Transcribing:   0%|          | 0/1 [00:00<?, ?it/s]
Transcribing: 100%|██████████| 1/1 [00:00<00:00,  8.20it/s]
Transcribing: 100%|██████████| 1/1 [00:00<00:00,  8.16it/s]
2025-10-15 07:48:59 - app - INFO - Created temporary file: [REDACTED] (purpose: asr_segment)

Transcribing:   0%|          | 0/1 [00:00<?, ?it/s]
Transcribing: 100%|██████████| 1/1 [00:00<00:00,  8.13it/s]
Transcribing: 100%|██████████| 1/1 [00:00<00:00,  8.10it/s]
2025-10-15 07:48:59 - app - INFO - Created temporary file: [REDACTED] (purpose: asr_segment)

Transcribing:   0%|          | 0/1 [00:00<?, ?it/s]
Transcribing: 100%|██████████| 1/1 [00:00<00:00, 16.73it/s]
2025-10-15 07:49:00 - app - INFO - Created temporary file: [REDACTED] (purpose: asr_segment)

Transcribing:   0%|          | 0/1 [00:00<?, ?it/s]
Transcribing: 100%|██████████| 1/1 [00:00<00:00,  5.25it/s]
Transcribing: 100%|██████████| 1/1 [00:00<00:00,  5.24it/s]
2025-10-15 07:49:00 - app - INFO - Created temporary file: [REDACTED] (purpose: asr_segment)

Transcribing:   0%|          | 0/1 [00:00<?, ?it/s]
Transcribing: 100%|██████████| 1/1 [00:00<00:00, 10.01it/s]
2025-10-15 07:49:00 - app - INFO - Created temporary file: [REDACTED] (purpose: asr_segment)

Transcribing:   0%|          | 0/1 [00:00<?, ?it/s]
Transcribing: 100%|██████████| 1/1 [00:00<00:00,  7.66it/s]
Transcribing: 100%|██████████| 1/1 [00:00<00:00,  7.63it/s]
2025-10-15 07:49:00 - app - INFO - Created temporary file: [REDACTED] (purpose: asr_segment)

Transcribing:   0%|          | 0/1 [00:00<?, ?it/s]
Transcribing: 100%|██████████| 1/1 [00:00<00:00, 16.10it/s]
2025-10-15 07:49:00 - app - INFO - Created temporary file: [REDACTED] (purpose: asr_segment)

Transcribing:   0%|          | 0/1 [00:00<?, ?it/s]
Transcribing: 100%|██████████| 1/1 [00:00<00:00, 12.24it/s]
2025-10-15 07:49:00 - app - INFO - Created temporary file: [REDACTED] (purpose: asr_segment)

Transcribing:   0%|          | 0/1 [00:00<?, ?it/s]
Transcribing: 100%|██████████| 1/1 [00:00<00:00, 19.52it/s]
2025-10-15 07:49:00 - app - INFO - Created temporary file: [REDACTED] (purpose: asr_segment)

Transcribing:   0%|          | 0/1 [00:00<?, ?it/s]
Transcribing: 100%|██████████| 1/1 [00:00<00:00, 15.29it/s]
2025-10-15 07:49:00 - app - INFO - Created temporary file: [REDACTED] (purpose: asr_segment)

Transcribing:   0%|          | 0/1 [00:00<?, ?it/s]
Transcribing: 100%|██████████| 1/1 [00:00<00:00, 16.49it/s]
2025-10-15 07:49:00 - app - INFO - Created temporary file: [REDACTED] (purpose: asr_segment)

Transcribing:   0%|          | 0/1 [00:00<?, ?it/s]
Transcribing: 100%|██████████| 1/1 [00:00<00:00,  8.78it/s]
Transcribing: 100%|██████████| 1/1 [00:00<00:00,  8.74it/s]
2025-10-15 07:49:01 - app - INFO - Created temporary file: [REDACTED] (purpose: asr_segment)

Transcribing:   0%|          | 0/1 [00:00<?, ?it/s]
Transcribing: 100%|██████████| 1/1 [00:00<00:00, 15.51it/s]
2025-10-15 07:49:01 - app - INFO - Created temporary file: [REDACTED] (purpose: asr_segment)

Transcribing:   0%|          | 0/1 [00:00<?, ?it/s]
Transcribing: 100%|██████████| 1/1 [00:00<00:00,  7.01it/s]
Transcribing: 100%|██████████| 1/1 [00:00<00:00,  6.99it/s]
2025-10-15 07:49:01 - app - INFO - Created temporary file: [REDACTED] (purpose: asr_segment)

Transcribing:   0%|          | 0/1 [00:00<?, ?it/s]
Transcribing: 100%|██████████| 1/1 [00:00<00:00,  9.63it/s]
Transcribing: 100%|██████████| 1/1 [00:00<00:00,  9.59it/s]
2025-10-15 07:49:01 - app - INFO - Created temporary file: [REDACTED] (purpose: asr_segment)

Transcribing:   0%|          | 0/1 [00:00<?, ?it/s]
Transcribing: 100%|██████████| 1/1 [00:00<00:00, 19.18it/s]
2025-10-15 07:49:01 - app - INFO - Created temporary file: [REDACTED] (purpose: asr_segment)

Transcribing:   0%|          | 0/1 [00:00<?, ?it/s]
Transcribing: 100%|██████████| 1/1 [00:00<00:00, 16.48it/s]
2025-10-15 07:49:01 - app - INFO - Created temporary file: [REDACTED] (purpose: asr_segment)

Transcribing:   0%|          | 0/1 [00:00<?, ?it/s]
Transcribing: 100%|██████████| 1/1 [00:00<00:00, 11.51it/s]
2025-10-15 07:49:01 - app - INFO - Created temporary file: [REDACTED] (purpose: asr_segment)

Transcribing:   0%|          | 0/1 [00:00<?, ?it/s]
Transcribing: 100%|██████████| 1/1 [00:00<00:00, 10.68it/s]
2025-10-15 07:49:01 - app - INFO - Created temporary file: [REDACTED] (purpose: asr_segment)

Transcribing:   0%|          | 0/1 [00:00<?, ?it/s]
Transcribing: 100%|██████████| 1/1 [00:00<00:00, 12.11it/s]
2025-10-15 07:49:01 - app - INFO - Created temporary file: [REDACTED] (purpose: asr_segment)

Transcribing:   0%|          | 0/1 [00:00<?, ?it/s]
Transcribing: 100%|██████████| 1/1 [00:00<00:00, 20.22it/s]
2025-10-15 07:49:02 - app - INFO - Created temporary file: [REDACTED] (purpose: asr_segment)

Transcribing:   0%|          | 0/1 [00:00<?, ?it/s]
Transcribing: 100%|██████████| 1/1 [00:00<00:00,  9.39it/s]
Transcribing: 100%|██████████| 1/1 [00:00<00:00,  9.34it/s]
2025-10-15 07:49:02 - app - INFO - Created temporary file: [REDACTED] (purpose: asr_segment)

Transcribing:   0%|          | 0/1 [00:00<?, ?it/s]
Transcribing: 100%|██████████| 1/1 [00:00<00:00,  9.98it/s]
Transcribing: 100%|██████████| 1/1 [00:00<00:00,  9.92it/s]
2025-10-15 07:49:02 - app - INFO - Created temporary file: [REDACTED] (purpose: asr_segment)

Transcribing:   0%|          | 0/1 [00:00<?, ?it/s]
Transcribing: 100%|██████████| 1/1 [00:00<00:00, 15.85it/s]
2025-10-15 07:49:02 - app - INFO - Created temporary file: [REDACTED] (purpose: asr_segment)

Transcribing:   0%|          | 0/1 [00:00<?, ?it/s]
Transcribing: 100%|██████████| 1/1 [00:00<00:00,  7.85it/s]
Transcribing: 100%|██████████| 1/1 [00:00<00:00,  7.82it/s]
2025-10-15 07:49:02 - app - INFO - Created temporary file: [REDACTED] (purpose: asr_segment)

Transcribing:   0%|          | 0/1 [00:00<?, ?it/s]
Transcribing: 100%|██████████| 1/1 [00:00<00:00,  9.01it/s]
Transcribing: 100%|██████████| 1/1 [00:00<00:00,  8.95it/s]
2025-10-15 07:49:02 - app - INFO - Created temporary file: [REDACTED] (purpose: asr_segment)

Transcribing:   0%|          | 0/1 [00:00<?, ?it/s]
Transcribing: 100%|██████████| 1/1 [00:00<00:00, 15.43it/s]
2025-10-15 07:49:02 - app - INFO - Created temporary file: [REDACTED] (purpose: asr_segment)

Transcribing:   0%|          | 0/1 [00:00<?, ?it/s]
Transcribing: 100%|██████████| 1/1 [00:00<00:00, 14.18it/s]
2025-10-15 07:49:02 - app - INFO - Created temporary file: [REDACTED] (purpose: asr_segment)

Transcribing:   0%|          | 0/1 [00:00<?, ?it/s]
Transcribing: 100%|██████████| 1/1 [00:00<00:00, 11.62it/s]
2025-10-15 07:49:02 - app - INFO - Created temporary file: [REDACTED] (purpose: asr_segment)

Transcribing:   0%|          | 0/1 [00:00<?, ?it/s]
Transcribing: 100%|██████████| 1/1 [00:00<00:00, 21.44it/s]
2025-10-15 07:49:02 - app - INFO - Created temporary file: [REDACTED] (purpose: asr_segment)

Transcribing:   0%|          | 0/1 [00:00<?, ?it/s]
Transcribing: 100%|██████████| 1/1 [00:00<00:00, 20.00it/s]
2025-10-15 07:49:03 - app - INFO - Created temporary file: [REDACTED] (purpose: asr_segment)

Transcribing:   0%|          | 0/1 [00:00<?, ?it/s]
Transcribing: 100%|██████████| 1/1 [00:00<00:00,  8.27it/s]
Transcribing: 100%|██████████| 1/1 [00:00<00:00,  8.25it/s]
2025-10-15 07:49:03 - app - INFO - Created temporary file: [REDACTED] (purpose: asr_segment)

Transcribing:   0%|          | 0/1 [00:00<?, ?it/s]
Transcribing: 100%|██████████| 1/1 [00:00<00:00,  8.95it/s]
Transcribing: 100%|██████████| 1/1 [00:00<00:00,  8.91it/s]
2025-10-15 07:49:03 - app - INFO - Created temporary file: [REDACTED] (purpose: asr_segment)

Transcribing:   0%|          | 0/1 [00:00<?, ?it/s]
Transcribing: 100%|██████████| 1/1 [00:00<00:00, 15.38it/s]
2025-10-15 07:49:03 - app - INFO - Created temporary file: [REDACTED] (purpose: asr_segment)

Transcribing:   0%|          | 0/1 [00:00<?, ?it/s]
Transcribing: 100%|██████████| 1/1 [00:00<00:00,  4.70it/s]
Transcribing: 100%|██████████| 1/1 [00:00<00:00,  4.69it/s]
2025-10-15 07:49:03 - app - INFO - Created temporary file: [REDACTED] (purpose: asr_segment)

Transcribing:   0%|          | 0/1 [00:00<?, ?it/s]
Transcribing: 100%|██████████| 1/1 [00:00<00:00,  9.87it/s]
Transcribing: 100%|██████████| 1/1 [00:00<00:00,  9.82it/s]
2025-10-15 07:49:03 - app - INFO - Created temporary file: [REDACTED] (purpose: asr_segment)

Transcribing:   0%|          | 0/1 [00:00<?, ?it/s]
Transcribing: 100%|██████████| 1/1 [00:00<00:00, 19.76it/s]
2025-10-15 07:49:03 - app - INFO - Created temporary file: [REDACTED] (purpose: asr_segment)

Transcribing:   0%|          | 0/1 [00:00<?, ?it/s]
Transcribing: 100%|██████████| 1/1 [00:00<00:00, 18.12it/s]
2025-10-15 07:49:03 - app - INFO - Created temporary file: [REDACTED] (purpose: asr_segment)

Transcribing:   0%|          | 0/1 [00:00<?, ?it/s]
Transcribing: 100%|██████████| 1/1 [00:00<00:00, 11.99it/s]
2025-10-15 07:49:04 - app - INFO - Created temporary file: [REDACTED] (purpose: asr_segment)

Transcribing:   0%|          | 0/1 [00:00<?, ?it/s]
Transcribing: 100%|██████████| 1/1 [00:00<00:00, 10.73it/s]
2025-10-15 07:49:04 - app - INFO - Created temporary file: [REDACTED] (purpose: asr_segment)

Transcribing:   0%|          | 0/1 [00:00<?, ?it/s]
Transcribing: 100%|██████████| 1/1 [00:00<00:00, 19.09it/s]
2025-10-15 07:49:04 - app - INFO - Created temporary file: [REDACTED] (purpose: asr_segment)

Transcribing:   0%|          | 0/1 [00:00<?, ?it/s]
Transcribing: 100%|██████████| 1/1 [00:00<00:00,  8.46it/s]
Transcribing: 100%|██████████| 1/1 [00:00<00:00,  8.43it/s]
2025-10-15 07:49:04 - app - INFO - Created temporary file: [REDACTED] (purpose: asr_segment)

Transcribing:   0%|          | 0/1 [00:00<?, ?it/s]
Transcribing: 100%|██████████| 1/1 [00:00<00:00, 17.05it/s]
2025-10-15 07:49:04 - app - INFO - Created temporary file: [REDACTED] (purpose: asr_segment)

Transcribing:   0%|          | 0/1 [00:00<?, ?it/s]
Transcribing: 100%|██████████| 1/1 [00:00<00:00, 13.42it/s]
2025-10-15 07:49:04 - app - INFO - Created temporary file: [REDACTED] (purpose: asr_segment)

Transcribing:   0%|          | 0/1 [00:00<?, ?it/s]
Transcribing: 100%|██████████| 1/1 [00:00<00:00, 18.62it/s]
2025-10-15 07:49:04 - app - INFO - Created temporary file: [REDACTED] (purpose: asr_segment)

Transcribing:   0%|          | 0/1 [00:00<?, ?it/s]
Transcribing: 100%|██████████| 1/1 [00:00<00:00, 19.65it/s]
2025-10-15 07:49:04 - app - INFO - Created temporary file: [REDACTED] (purpose: asr_segment)

Transcribing:   0%|          | 0/1 [00:00<?, ?it/s]
Transcribing: 100%|██████████| 1/1 [00:00<00:00, 11.92it/s]
2025-10-15 07:49:04 - app - INFO - Created temporary file: [REDACTED] (purpose: asr_segment)

Transcribing:   0%|          | 0/1 [00:00<?, ?it/s]
Transcribing: 100%|██████████| 1/1 [00:00<00:00, 10.06it/s]
2025-10-15 07:49:04 - app - INFO - Created temporary file: [REDACTED] (purpose: asr_segment)

Transcribing:   0%|          | 0/1 [00:00<?, ?it/s]
Transcribing: 100%|██████████| 1/1 [00:00<00:00, 12.23it/s]
2025-10-15 07:49:04 - app - INFO - Created temporary file: [REDACTED] (purpose: asr_segment)

Transcribing:   0%|          | 0/1 [00:00<?, ?it/s]
Transcribing: 100%|██████████| 1/1 [00:00<00:00, 13.80it/s]
2025-10-15 07:49:05 - app - INFO - Created temporary file: [REDACTED] (purpose: asr_segment)

Transcribing:   0%|          | 0/1 [00:00<?, ?it/s]
Transcribing: 100%|██████████| 1/1 [00:00<00:00, 12.50it/s]
2025-10-15 07:49:05 - app - INFO - Created temporary file: [REDACTED] (purpose: asr_segment)

Transcribing:   0%|          | 0/1 [00:00<?, ?it/s]
Transcribing: 100%|██████████| 1/1 [00:00<00:00, 16.59it/s]
2025-10-15 07:49:05 - app - INFO - Created temporary file: [REDACTED] (purpose: asr_segment)

Transcribing:   0%|          | 0/1 [00:00<?, ?it/s]
Transcribing: 100%|██████████| 1/1 [00:00<00:00, 10.61it/s]
2025-10-15 07:49:05 - app - INFO - Created temporary file: [REDACTED] (purpose: asr_segment)

Transcribing:   0%|          | 0/1 [00:00<?, ?it/s]
Transcribing: 100%|██████████| 1/1 [00:00<00:00, 11.40it/s]
2025-10-15 07:49:05 - app - INFO - Created temporary file: [REDACTED] (purpose: asr_segment)

Transcribing:   0%|          | 0/1 [00:00<?, ?it/s]
Transcribing: 100%|██████████| 1/1 [00:00<00:00, 10.89it/s]
2025-10-15 07:49:05 - app - INFO - Created temporary file: [REDACTED] (purpose: asr_segment)

Transcribing:   0%|          | 0/1 [00:00<?, ?it/s]
Transcribing: 100%|██████████| 1/1 [00:00<00:00, 17.38it/s]
2025-10-15 07:49:05 - app - INFO - Created temporary file: [REDACTED] (purpose: asr_segment)

Transcribing:   0%|          | 0/1 [00:00<?, ?it/s]
Transcribing: 100%|██████████| 1/1 [00:00<00:00, 14.80it/s]
2025-10-15 07:49:05 - app - INFO - Created temporary file: [REDACTED] (purpose: asr_segment)

Transcribing:   0%|          | 0/1 [00:00<?, ?it/s]
Transcribing: 100%|██████████| 1/1 [00:00<00:00, 17.53it/s]
2025-10-15 07:49:05 - app - INFO - Created temporary file: [REDACTED] (purpose: asr_segment)

Transcribing:   0%|          | 0/1 [00:00<?, ?it/s]
Transcribing: 100%|██████████| 1/1 [00:00<00:00, 14.39it/s]
2025-10-15 07:49:05 - app - INFO - Created temporary file: [REDACTED] (purpose: asr_segment)

Transcribing:   0%|          | 0/1 [00:00<?, ?it/s]
Transcribing: 100%|██████████| 1/1 [00:00<00:00,  9.78it/s]
Transcribing: 100%|██████████| 1/1 [00:00<00:00,  9.74it/s]
2025-10-15 07:49:06 - app - INFO - Created temporary file: [REDACTED] (purpose: asr_segment)

Transcribing:   0%|          | 0/1 [00:00<?, ?it/s]
Transcribing: 100%|██████████| 1/1 [00:00<00:00, 10.68it/s]
2025-10-15 07:49:06 - app - INFO - Created temporary file: [REDACTED] (purpose: asr_segment)

Transcribing:   0%|          | 0/1 [00:00<?, ?it/s]
Transcribing: 100%|██████████| 1/1 [00:00<00:00, 22.51it/s]
2025-10-15 07:49:06 - app - INFO - Created temporary file: [REDACTED] (purpose: asr_segment)

Transcribing:   0%|          | 0/1 [00:00<?, ?it/s]
Transcribing: 100%|██████████| 1/1 [00:00<00:00, 13.98it/s]
2025-10-15 07:49:06 - app - INFO - Created temporary file: [REDACTED] (purpose: asr_segment)

Transcribing:   0%|          | 0/1 [00:00<?, ?it/s]
Transcribing: 100%|██████████| 1/1 [00:00<00:00, 19.39it/s]
2025-10-15 07:49:06 - app - INFO - Created temporary file: [REDACTED] (purpose: asr_segment)

Transcribing:   0%|          | 0/1 [00:00<?, ?it/s]
Transcribing: 100%|██████████| 1/1 [00:00<00:00,  4.15it/s]
Transcribing: 100%|██████████| 1/1 [00:00<00:00,  4.14it/s]
2025-10-15 07:49:06 - app - INFO - Created temporary file: [REDACTED] (purpose: asr_segment)

Transcribing:   0%|          | 0/1 [00:00<?, ?it/s]
Transcribing: 100%|██████████| 1/1 [00:00<00:00,  9.69it/s]
Transcribing: 100%|██████████| 1/1 [00:00<00:00,  9.64it/s]
2025-10-15 07:49:06 - app - INFO - Created temporary file: [REDACTED] (purpose: asr_segment)

Transcribing:   0%|          | 0/1 [00:00<?, ?it/s]
Transcribing: 100%|██████████| 1/1 [00:00<00:00,  8.89it/s]
Transcribing: 100%|██████████| 1/1 [00:00<00:00,  8.85it/s]
2025-10-15 07:49:06 - app - INFO - Created temporary file: [REDACTED] (purpose: asr_segment)

Transcribing:   0%|          | 0/1 [00:00<?, ?it/s]
Transcribing: 100%|██████████| 1/1 [00:00<00:00, 20.71it/s]
2025-10-15 07:49:06 - app - INFO - Created temporary file: [REDACTED] (purpose: asr_segment)

Transcribing:   0%|          | 0/1 [00:00<?, ?it/s]
Transcribing: 100%|██████████| 1/1 [00:00<00:00, 16.64it/s]
2025-10-15 07:49:07 - app - INFO - Created temporary file: [REDACTED] (purpose: asr_segment)

Transcribing:   0%|          | 0/1 [00:00<?, ?it/s]
Transcribing: 100%|██████████| 1/1 [00:00<00:00,  8.94it/s]
Transcribing: 100%|██████████| 1/1 [00:00<00:00,  8.90it/s]
2025-10-15 07:49:07 - app - INFO - Created temporary file: [REDACTED] (purpose: asr_segment)

Transcribing:   0%|          | 0/1 [00:00<?, ?it/s]
Transcribing: 100%|██████████| 1/1 [00:00<00:00,  4.22it/s]
Transcribing: 100%|██████████| 1/1 [00:00<00:00,  4.21it/s]
2025-10-15 07:49:07 - app - INFO - Created temporary file: [REDACTED] (purpose: asr_segment)

Transcribing:   0%|          | 0/1 [00:00<?, ?it/s]
Transcribing: 100%|██████████| 1/1 [00:00<00:00,  2.75it/s]
Transcribing: 100%|██████████| 1/1 [00:00<00:00,  2.75it/s]
2025-10-15 07:49:07 - app - INFO - Created temporary file: [REDACTED] (purpose: asr_segment)

Transcribing:   0%|          | 0/1 [00:00<?, ?it/s]
Transcribing: 100%|██████████| 1/1 [00:00<00:00,  3.66it/s]
Transcribing: 100%|██████████| 1/1 [00:00<00:00,  3.65it/s]
2025-10-15 07:49:08 - app - INFO - Created temporary file: [REDACTED] (purpose: asr_segment)

Transcribing:   0%|          | 0/1 [00:00<?, ?it/s]
Transcribing: 100%|██████████| 1/1 [00:00<00:00, 13.18it/s]
2025-10-15 07:49:08 - worker - INFO - Merged 132 segments into 110 diarization-controlled segments
2025-10-15 07:49:08 - app - INFO - Starting cleanup of 133 files and 0 directories
2025-10-15 07:49:08 - app - INFO - Successfully deleted file: [REDACTED] (purpose: audio_conversion, size: 0 bytes, access_count: 0)
2025-10-15 07:49:08 - app - INFO - Successfully deleted file: [REDACTED] (purpose: asr_segment, size: 0 bytes, access_count: 0)
2025-10-15 07:49:08 - app - INFO - Successfully deleted file: [REDACTED] (purpose: asr_segment, size: 0 bytes, access_count: 0)
2025-10-15 07:49:08 - app - INFO - Successfully deleted file: [REDACTED] (purpose: asr_segment, size: 0 bytes, access_count: 0)
2025-10-15 07:49:08 - app - INFO - Successfully deleted file: [REDACTED] (purpose: asr_segment, size: 0 bytes, access_count: 0)
2025-10-15 07:49:08 - app - INFO - Successfully deleted file: [REDACTED] (purpose: asr_segment, size: 0 bytes, access_count: 0)
2025-10-15 07:49:08 - app - INFO - Successfully deleted file: [REDACTED] (purpose: asr_segment, size: 0 bytes, access_count: 0)
2025-10-15 07:49:08 - app - INFO - Successfully deleted file: [REDACTED] (purpose: asr_segment, size: 0 bytes, access_count: 0)
2025-10-15 07:49:08 - app - INFO - Successfully deleted file: [REDACTED] (purpose: asr_segment, size: 0 bytes, access_count: 0)
2025-10-15 07:49:08 - app - INFO - Successfully deleted file: [REDACTED] (purpose: asr_segment, size: 0 bytes, access_count: 0)
2025-10-15 07:49:08 - app - INFO - Successfully deleted file: [REDACTED] (purpose: asr_segment, size: 0 bytes, access_count: 0)
2025-10-15 07:49:08 - app - INFO - Successfully deleted file: [REDACTED] (purpose: asr_segment, size: 0 bytes, access_count: 0)
2025-10-15 07:49:08 - app - INFO - Successfully deleted file: [REDACTED] (purpose: asr_segment, size: 0 bytes, access_count: 0)
2025-10-15 07:49:08 - app - INFO - Successfully deleted file: [REDACTED] (purpose: asr_segment, size: 0 bytes, access_count: 0)
2025-10-15 07:49:08 - app - INFO - Successfully deleted file: [REDACTED] (purpose: asr_segment, size: 0 bytes, access_count: 0)
2025-10-15 07:49:08 - app - INFO - Successfully deleted file: [REDACTED] (purpose: asr_segment, size: 0 bytes, access_count: 0)
2025-10-15 07:49:08 - app - INFO - Successfully deleted file: [REDACTED] (purpose: asr_segment, size: 0 bytes, access_count: 0)
2025-10-15 07:49:08 - app - INFO - Successfully deleted file: [REDACTED] (purpose: asr_segment, size: 0 bytes, access_count: 0)
2025-10-15 07:49:08 - app - INFO - Successfully deleted file: [REDACTED] (purpose: asr_segment, size: 0 bytes, access_count: 0)
2025-10-15 07:49:08 - app - INFO - Successfully deleted file: [REDACTED] (purpose: asr_segment, size: 0 bytes, access_count: 0)
2025-10-15 07:49:08 - app - INFO - Successfully deleted file: [REDACTED] (purpose: asr_segment, size: 0 bytes, access_count: 0)
2025-10-15 07:49:08 - app - INFO - Successfully deleted file: [REDACTED] (purpose: asr_segment, size: 0 bytes, access_count: 0)
2025-10-15 07:49:08 - app - INFO - Successfully deleted file: [REDACTED] (purpose: asr_segment, size: 0 bytes, access_count: 0)
2025-10-15 07:49:08 - app - INFO - Successfully deleted file: [REDACTED] (purpose: asr_segment, size: 0 bytes, access_count: 0)
2025-10-15 07:49:08 - app - INFO - Successfully deleted file: [REDACTED] (purpose: asr_segment, size: 0 bytes, access_count: 0)
2025-10-15 07:49:08 - app - INFO - Successfully deleted file: [REDACTED] (purpose: asr_segment, size: 0 bytes, access_count: 0)
2025-10-15 07:49:08 - app - INFO - Successfully deleted file: [REDACTED] (purpose: asr_segment, size: 0 bytes, access_count: 0)
2025-10-15 07:49:08 - app - INFO - Successfully deleted file: [REDACTED] (purpose: asr_segment, size: 0 bytes, access_count: 0)
2025-10-15 07:49:08 - app - INFO - Successfully deleted file: [REDACTED] (purpose: asr_segment, size: 0 bytes, access_count: 0)
2025-10-15 07:49:08 - app - INFO - Successfully deleted file: [REDACTED] (purpose: asr_segment, size: 0 bytes, access_count: 0)
2025-10-15 07:49:08 - app - INFO - Successfully deleted file: [REDACTED] (purpose: asr_segment, size: 0 bytes, access_count: 0)
2025-10-15 07:49:08 - app - INFO - Successfully deleted file: [REDACTED] (purpose: asr_segment, size: 0 bytes, access_count: 0)
2025-10-15 07:49:08 - app - INFO - Successfully deleted file: [REDACTED] (purpose: asr_segment, size: 0 bytes, access_count: 0)
2025-10-15 07:49:08 - app - INFO - Successfully deleted file: [REDACTED] (purpose: asr_segment, size: 0 bytes, access_count: 0)
2025-10-15 07:49:08 - app - INFO - Successfully deleted file: [REDACTED] (purpose: asr_segment, size: 0 bytes, access_count: 0)
2025-10-15 07:49:08 - app - INFO - Successfully deleted file: [REDACTED] (purpose: asr_segment, size: 0 bytes, access_count: 0)
2025-10-15 07:49:08 - app - INFO - Successfully deleted file: [REDACTED] (purpose: asr_segment, size: 0 bytes, access_count: 0)
2025-10-15 07:49:08 - app - INFO - Successfully deleted file: [REDACTED] (purpose: asr_segment, size: 0 bytes, access_count: 0)
2025-10-15 07:49:08 - app - INFO - Successfully deleted file: [REDACTED] (purpose: asr_segment, size: 0 bytes, access_count: 0)
2025-10-15 07:49:08 - app - INFO - Successfully deleted file: [REDACTED] (purpose: asr_segment, size: 0 bytes, access_count: 0)
2025-10-15 07:49:08 - app - INFO - Successfully deleted file: [REDACTED] (purpose: asr_segment, size: 0 bytes, access_count: 0)
2025-10-15 07:49:08 - app - INFO - Successfully deleted file: [REDACTED] (purpose: asr_segment, size: 0 bytes, access_count: 0)
2025-10-15 07:49:08 - app - INFO - Successfully deleted file: [REDACTED] (purpose: asr_segment, size: 0 bytes, access_count: 0)
2025-10-15 07:49:08 - app - INFO - Successfully deleted file: [REDACTED] (purpose: asr_segment, size: 0 bytes, access_count: 0)
2025-10-15 07:49:08 - app - INFO - Successfully deleted file: [REDACTED] (purpose: asr_segment, size: 0 bytes, access_count: 0)
2025-10-15 07:49:08 - app - INFO - Successfully deleted file: [REDACTED] (purpose: asr_segment, size: 0 bytes, access_count: 0)
2025-10-15 07:49:08 - app - INFO - Successfully deleted file: [REDACTED] (purpose: asr_segment, size: 0 bytes, access_count: 0)
2025-10-15 07:49:08 - app - INFO - Successfully deleted file: [REDACTED] (purpose: asr_segment, size: 0 bytes, access_count: 0)
2025-10-15 07:49:08 - app - INFO - Successfully deleted file: [REDACTED] (purpose: asr_segment, size: 0 bytes, access_count: 0)
2025-10-15 07:49:08 - app - INFO - Successfully deleted file: [REDACTED] (purpose: asr_segment, size: 0 bytes, access_count: 0)
2025-10-15 07:49:08 - app - INFO - Successfully deleted file: [REDACTED] (purpose: asr_segment, size: 0 bytes, access_count: 0)
2025-10-15 07:49:08 - app - INFO - Successfully deleted file: [REDACTED] (purpose: asr_segment, size: 0 bytes, access_count: 0)
2025-10-15 07:49:08 - app - INFO - Successfully deleted file: [REDACTED] (purpose: asr_segment, size: 0 bytes, access_count: 0)
2025-10-15 07:49:08 - app - INFO - Successfully deleted file: [REDACTED] (purpose: asr_segment, size: 0 bytes, access_count: 0)
2025-10-15 07:49:08 - app - INFO - Successfully deleted file: [REDACTED] (purpose: asr_segment, size: 0 bytes, access_count: 0)
2025-10-15 07:49:08 - app - INFO - Successfully deleted file: [REDACTED] (purpose: asr_segment, size: 0 bytes, access_count: 0)
2025-10-15 07:49:08 - app - INFO - Successfully deleted file: [REDACTED] (purpose: asr_segment, size: 0 bytes, access_count: 0)
2025-10-15 07:49:08 - app - INFO - Successfully deleted file: [REDACTED] (purpose: asr_segment, size: 0 bytes, access_count: 0)
2025-10-15 07:49:08 - app - INFO - Successfully deleted file: [REDACTED] (purpose: asr_segment, size: 0 bytes, access_count: 0)
2025-10-15 07:49:08 - app - INFO - Successfully deleted file: [REDACTED] (purpose: asr_segment, size: 0 bytes, access_count: 0)
2025-10-15 07:49:08 - app - INFO - Successfully deleted file: [REDACTED] (purpose: asr_segment, size: 0 bytes, access_count: 0)
2025-10-15 07:49:08 - app - INFO - Successfully deleted file: [REDACTED] (purpose: asr_segment, size: 0 bytes, access_count: 0)
2025-10-15 07:49:08 - app - INFO - Successfully deleted file: [REDACTED] (purpose: asr_segment, size: 0 bytes, access_count: 0)
2025-10-15 07:49:08 - app - INFO - Successfully deleted file: [REDACTED] (purpose: asr_segment, size: 0 bytes, access_count: 0)
2025-10-15 07:49:08 - app - INFO - Successfully deleted file: [REDACTED] (purpose: asr_segment, size: 0 bytes, access_count: 0)
2025-10-15 07:49:08 - app - INFO - Successfully deleted file: [REDACTED] (purpose: asr_segment, size: 0 bytes, access_count: 0)
2025-10-15 07:49:08 - app - INFO - Successfully deleted file: [REDACTED] (purpose: asr_segment, size: 0 bytes, access_count: 0)
2025-10-15 07:49:08 - app - INFO - Successfully deleted file: [REDACTED] (purpose: asr_segment, size: 0 bytes, access_count: 0)
2025-10-15 07:49:08 - app - INFO - Successfully deleted file: [REDACTED] (purpose: asr_segment, size: 0 bytes, access_count: 0)
2025-10-15 07:49:08 - app - INFO - Successfully deleted file: [REDACTED] (purpose: asr_segment, size: 0 bytes, access_count: 0)
2025-10-15 07:49:08 - app - INFO - Successfully deleted file: [REDACTED] (purpose: asr_segment, size: 0 bytes, access_count: 0)
2025-10-15 07:49:08 - app - INFO - Successfully deleted file: [REDACTED] (purpose: asr_segment, size: 0 bytes, access_count: 0)
2025-10-15 07:49:08 - app - INFO - Successfully deleted file: [REDACTED] (purpose: asr_segment, size: 0 bytes, access_count: 0)
2025-10-15 07:49:08 - app - INFO - Successfully deleted file: [REDACTED] (purpose: asr_segment, size: 0 bytes, access_count: 0)
2025-10-15 07:49:08 - app - INFO - Successfully deleted file: [REDACTED] (purpose: asr_segment, size: 0 bytes, access_count: 0)
2025-10-15 07:49:08 - app - INFO - Successfully deleted file: [REDACTED] (purpose: asr_segment, size: 0 bytes, access_count: 0)
2025-10-15 07:49:08 - app - INFO - Successfully deleted file: [REDACTED] (purpose: asr_segment, size: 0 bytes, access_count: 0)
2025-10-15 07:49:08 - app - INFO - Successfully deleted file: [REDACTED] (purpose: asr_segment, size: 0 bytes, access_count: 0)
2025-10-15 07:49:08 - app - INFO - Successfully deleted file: [REDACTED] (purpose: asr_segment, size: 0 bytes, access_count: 0)
2025-10-15 07:49:08 - app - INFO - Successfully deleted file: [REDACTED] (purpose: asr_segment, size: 0 bytes, access_count: 0)
2025-10-15 07:49:08 - app - INFO - Successfully deleted file: [REDACTED] (purpose: asr_segment, size: 0 bytes, access_count: 0)
2025-10-15 07:49:08 - app - INFO - Successfully deleted file: [REDACTED] (purpose: asr_segment, size: 0 bytes, access_count: 0)
2025-10-15 07:49:08 - app - INFO - Successfully deleted file: [REDACTED] (purpose: asr_segment, size: 0 bytes, access_count: 0)
2025-10-15 07:49:08 - app - INFO - Successfully deleted file: [REDACTED] (purpose: asr_segment, size: 0 bytes, access_count: 0)
2025-10-15 07:49:08 - app - INFO - Successfully deleted file: [REDACTED] (purpose: asr_segment, size: 0 bytes, access_count: 0)
2025-10-15 07:49:08 - app - INFO - Successfully deleted file: [REDACTED] (purpose: asr_segment, size: 0 bytes, access_count: 0)
2025-10-15 07:49:08 - app - INFO - Successfully deleted file: [REDACTED] (purpose: asr_segment, size: 0 bytes, access_count: 0)
2025-10-15 07:49:08 - app - INFO - Successfully deleted file: [REDACTED] (purpose: asr_segment, size: 0 bytes, access_count: 0)
2025-10-15 07:49:08 - app - INFO - Successfully deleted file: [REDACTED] (purpose: asr_segment, size: 0 bytes, access_count: 0)
2025-10-15 07:49:08 - app - INFO - Successfully deleted file: [REDACTED] (purpose: asr_segment, size: 0 bytes, access_count: 0)
2025-10-15 07:49:08 - app - INFO - Successfully deleted file: [REDACTED] (purpose: asr_segment, size: 0 bytes, access_count: 0)
2025-10-15 07:49:08 - app - INFO - Successfully deleted file: [REDACTED] (purpose: asr_segment, size: 0 bytes, access_count: 0)
2025-10-15 07:49:08 - app - INFO - Successfully deleted file: [REDACTED] (purpose: asr_segment, size: 0 bytes, access_count: 0)
2025-10-15 07:49:08 - app - INFO - Successfully deleted file: [REDACTED] (purpose: asr_segment, size: 0 bytes, access_count: 0)
2025-10-15 07:49:08 - app - INFO - Successfully deleted file: [REDACTED] (purpose: asr_segment, size: 0 bytes, access_count: 0)
2025-10-15 07:49:08 - app - INFO - Successfully deleted file: [REDACTED] (purpose: asr_segment, size: 0 bytes, access_count: 0)
2025-10-15 07:49:08 - app - INFO - Successfully deleted file: [REDACTED] (purpose: asr_segment, size: 0 bytes, access_count: 0)
2025-10-15 07:49:08 - app - INFO - Successfully deleted file: [REDACTED] (purpose: asr_segment, size: 0 bytes, access_count: 0)
2025-10-15 07:49:08 - app - INFO - Successfully deleted file: [REDACTED] (purpose: asr_segment, size: 0 bytes, access_count: 0)
2025-10-15 07:49:08 - app - INFO - Successfully deleted file: [REDACTED] (purpose: asr_segment, size: 0 bytes, access_count: 0)
2025-10-15 07:49:08 - app - INFO - Successfully deleted file: [REDACTED] (purpose: asr_segment, size: 0 bytes, access_count: 0)
2025-10-15 07:49:08 - app - INFO - Successfully deleted file: [REDACTED] (purpose: asr_segment, size: 0 bytes, access_count: 0)
2025-10-15 07:49:08 - app - INFO - Successfully deleted file: [REDACTED] (purpose: asr_segment, size: 0 bytes, access_count: 0)
2025-10-15 07:49:08 - app - INFO - Successfully deleted file: [REDACTED] (purpose: asr_segment, size: 0 bytes, access_count: 0)
2025-10-15 07:49:08 - app - INFO - Successfully deleted file: [REDACTED] (purpose: asr_segment, size: 0 bytes, access_count: 0)
2025-10-15 07:49:08 - app - INFO - Successfully deleted file: [REDACTED] (purpose: asr_segment, size: 0 bytes, access_count: 0)
2025-10-15 07:49:08 - app - INFO - Successfully deleted file: [REDACTED] (purpose: asr_segment, size: 0 bytes, access_count: 0)
2025-10-15 07:49:08 - app - INFO - Successfully deleted file: [REDACTED] (purpose: asr_segment, size: 0 bytes, access_count: 0)
2025-10-15 07:49:08 - app - INFO - Successfully deleted file: [REDACTED] (purpose: asr_segment, size: 0 bytes, access_count: 0)
2025-10-15 07:49:08 - app - INFO - Successfully deleted file: [REDACTED] (purpose: asr_segment, size: 0 bytes, access_count: 0)
2025-10-15 07:49:08 - app - INFO - Successfully deleted file: [REDACTED] (purpose: asr_segment, size: 0 bytes, access_count: 0)
2025-10-15 07:49:08 - app - INFO - Successfully deleted file: [REDACTED] (purpose: asr_segment, size: 0 bytes, access_count: 0)
2025-10-15 07:49:08 - app - INFO - Successfully deleted file: [REDACTED] (purpose: asr_segment, size: 0 bytes, access_count: 0)
2025-10-15 07:49:08 - app - INFO - Successfully deleted file: [REDACTED] (purpose: asr_segment, size: 0 bytes, access_count: 0)
2025-10-15 07:49:08 - app - INFO - Successfully deleted file: [REDACTED] (purpose: asr_segment, size: 0 bytes, access_count: 0)
2025-10-15 07:49:08 - app - INFO - Successfully deleted file: [REDACTED] (purpose: asr_segment, size: 0 bytes, access_count: 0)
2025-10-15 07:49:08 - app - INFO - Successfully deleted file: [REDACTED] (purpose: asr_segment, size: 0 bytes, access_count: 0)
2025-10-15 07:49:08 - app - INFO - Successfully deleted file: [REDACTED] (purpose: asr_segment, size: 0 bytes, access_count: 0)
2025-10-15 07:49:08 - app - INFO - Successfully deleted file: [REDACTED] (purpose: asr_segment, size: 0 bytes, access_count: 0)
2025-10-15 07:49:08 - app - INFO - Successfully deleted file: [REDACTED] (purpose: asr_segment, size: 0 bytes, access_count: 0)
2025-10-15 07:49:08 - app - INFO - Successfully deleted file: [REDACTED] (purpose: asr_segment, size: 0 bytes, access_count: 0)
2025-10-15 07:49:08 - app - INFO - Successfully deleted file: [REDACTED] (purpose: asr_segment, size: 0 bytes, access_count: 0)
2025-10-15 07:49:08 - app - INFO - Successfully deleted file: [REDACTED] (purpose: asr_segment, size: 0 bytes, access_count: 0)
2025-10-15 07:49:08 - app - INFO - Successfully deleted file: [REDACTED] (purpose: asr_segment, size: 0 bytes, access_count: 0)
2025-10-15 07:49:08 - app - INFO - Successfully deleted file: [REDACTED] (purpose: asr_segment, size: 0 bytes, access_count: 0)
2025-10-15 07:49:08 - app - INFO - Successfully deleted file: [REDACTED] (purpose: asr_segment, size: 0 bytes, access_count: 0)
2025-10-15 07:49:08 - app - INFO - Successfully deleted file: [REDACTED] (purpose: asr_segment, size: 0 bytes, access_count: 0)
2025-10-15 07:49:08 - app - INFO - Successfully deleted file: [REDACTED] (purpose: asr_segment, size: 0 bytes, access_count: 0)
2025-10-15 07:49:08 - app - INFO - Successfully deleted file: [REDACTED] (purpose: asr_segment, size: 0 bytes, access_count: 0)
2025-10-15 07:49:08 - app - INFO - Successfully deleted file: [REDACTED] (purpose: asr_segment, size: 0 bytes, access_count: 0)
2025-10-15 07:49:08 - app - INFO - Successfully deleted file: [REDACTED] (purpose: asr_segment, size: 0 bytes, access_count: 0)
2025-10-15 07:49:08 - app - INFO - Successfully deleted file: [REDACTED] (purpose: asr_segment, size: 0 bytes, access_count: 0)
2025-10-15 07:49:08 - app - INFO - Successfully deleted file: [REDACTED] (purpose: asr_segment, size: 0 bytes, access_count: 0)
2025-10-15 07:49:08 - app - INFO - TempFileTracker session ended. Cleanup successful: True
2025-10-15 07:53:22 - app - INFO - TempFileTracker session started
2025-10-15 07:53:24 - app - INFO - Created temporary file: [REDACTED] (purpose: audio_conversion)
2025-10-15 07:53:59 - app - INFO - Created temporary file: [REDACTED] (purpose: asr_segment)
2025-10-15 07:53:59 - app - INFO - Created temporary file: [REDACTED] (purpose: asr_segment)
2025-10-15 07:53:59 - app - INFO - Created temporary file: [REDACTED] (purpose: asr_segment)
2025-10-15 07:54:00 - app - INFO - Created temporary file: [REDACTED] (purpose: asr_segment)
2025-10-15 07:54:00 - app - INFO - Created temporary file: [REDACTED] (purpose: asr_segment)
2025-10-15 07:54:00 - app - INFO - Created temporary file: [REDACTED] (purpose: asr_segment)
2025-10-15 07:54:00 - app - INFO - Created temporary file: [REDACTED] (purpose: asr_segment)
2025-10-15 07:54:00 - app - INFO - Created temporary file: [REDACTED] (purpose: asr_segment)
2025-10-15 07:54:00 - app - INFO - Created temporary file: [REDACTED] (purpose: asr_segment)
2025-10-15 07:54:00 - app - INFO - Created temporary file: [REDACTED] (purpose: asr_segment)
2025-10-15 07:54:00 - app - INFO - Created temporary file: [REDACTED] (purpose: asr_segment)
2025-10-15 07:54:00 - app - INFO - Created temporary file: [REDACTED] (purpose: asr_segment)
2025-10-15 07:54:01 - app - INFO - Created temporary file: [REDACTED] (purpose: asr_segment)
2025-10-15 07:54:01 - app - INFO - Created temporary file: [REDACTED] (purpose: asr_segment)
2025-10-15 07:54:01 - app - INFO - Created temporary file: [REDACTED] (purpose: asr_segment)
2025-10-15 07:54:01 - app - INFO - Created temporary file: [REDACTED] (purpose: asr_segment)
2025-10-15 07:54:01 - app - INFO - Created temporary file: [REDACTED] (purpose: asr_segment)
2025-10-15 07:54:01 - app - INFO - Created temporary file: [REDACTED] (purpose: asr_segment)
2025-10-15 07:54:01 - app - INFO - Created temporary file: [REDACTED] (purpose: asr_segment)
2025-10-15 07:54:01 - app - INFO - Created temporary file: [REDACTED] (purpose: asr_segment)
2025-10-15 07:54:01 - app - INFO - Created temporary file: [REDACTED] (purpose: asr_segment)
2025-10-15 07:54:02 - app - INFO - Created temporary file: [REDACTED] (purpose: asr_segment)
2025-10-15 07:54:02 - app - INFO - Created temporary file: [REDACTED] (purpose: asr_segment)
2025-10-15 07:54:02 - app - INFO - Created temporary file: [REDACTED] (purpose: asr_segment)
2025-10-15 07:54:02 - app - INFO - Created temporary file: [REDACTED] (purpose: asr_segment)
2025-10-15 07:54:02 - app - INFO - Created temporary file: [REDACTED] (purpose: asr_segment)
2025-10-15 07:54:02 - app - INFO - Created temporary file: [REDACTED] (purpose: asr_segment)
2025-10-15 07:54:02 - app - INFO - Created temporary file: [REDACTED] (purpose: asr_segment)
2025-10-15 07:54:02 - app - INFO - Created temporary file: [REDACTED] (purpose: asr_segment)
2025-10-15 07:54:02 - app - INFO - Created temporary file: [REDACTED] (purpose: asr_segment)
2025-10-15 07:54:02 - app - INFO - Created temporary file: [REDACTED] (purpose: asr_segment)
2025-10-15 07:54:02 - app - INFO - Created temporary file: [REDACTED] (purpose: asr_segment)
2025-10-15 07:54:02 - app - INFO - Created temporary file: [REDACTED] (purpose: asr_segment)
2025-10-15 07:54:03 - app - INFO - Created temporary file: [REDACTED] (purpose: asr_segment)
2025-10-15 07:54:03 - app - INFO - Created temporary file: [REDACTED] (purpose: asr_segment)
2025-10-15 07:54:03 - app - INFO - Created temporary file: [REDACTED] (purpose: asr_segment)
2025-10-15 07:54:03 - app - INFO - Created temporary file: [REDACTED] (purpose: asr_segment)
2025-10-15 07:54:03 - app - INFO - Created temporary file: [REDACTED] (purpose: asr_segment)
2025-10-15 07:54:03 - app - INFO - Created temporary file: [REDACTED] (purpose: asr_segment)
2025-10-15 07:54:03 - app - INFO - Created temporary file: [REDACTED] (purpose: asr_segment)
2025-10-15 07:54:03 - app - INFO - Created temporary file: [REDACTED] (purpose: asr_segment)
2025-10-15 07:54:03 - app - INFO - Created temporary file: [REDACTED] (purpose: asr_segment)
2025-10-15 07:54:03 - app - INFO - Created temporary file: [REDACTED] (purpose: asr_segment)
2025-10-15 07:54:04 - app - INFO - Created temporary file: [REDACTED] (purpose: asr_segment)
2025-10-15 07:54:04 - app - INFO - Created temporary file: [REDACTED] (purpose: asr_segment)
2025-10-15 07:54:04 - app - INFO - Created temporary file: [REDACTED] (purpose: asr_segment)
2025-10-15 07:54:04 - app - INFO - Created temporary file: [REDACTED] (purpose: asr_segment)
2025-10-15 07:54:04 - app - INFO - Created temporary file: [REDACTED] (purpose: asr_segment)
2025-10-15 07:54:04 - app - INFO - Created temporary file: [REDACTED] (purpose: asr_segment)
2025-10-15 07:54:04 - app - INFO - Created temporary file: [REDACTED] (purpose: asr_segment)
2025-10-15 07:54:04 - app - INFO - Created temporary file: [REDACTED] (purpose: asr_segment)
2025-10-15 07:54:04 - app - INFO - Created temporary file: [REDACTED] (purpose: asr_segment)
2025-10-15 07:54:05 - app - INFO - Created temporary file: [REDACTED] (purpose: asr_segment)
2025-10-15 07:54:05 - app - INFO - Created temporary file: [REDACTED] (purpose: asr_segment)
2025-10-15 07:54:05 - app - INFO - Created temporary file: [REDACTED] (purpose: asr_segment)
2025-10-15 07:54:05 - app - INFO - Created temporary file: [REDACTED] (purpose: asr_segment)
2025-10-15 07:54:05 - app - INFO - Created temporary file: [REDACTED] (purpose: asr_segment)
2025-10-15 07:54:05 - app - INFO - Created temporary file: [REDACTED] (purpose: asr_segment)
2025-10-15 07:54:05 - app - INFO - Created temporary file: [REDACTED] (purpose: asr_segment)
2025-10-15 07:54:05 - app - INFO - Created temporary file: [REDACTED] (purpose: asr_segment)
2025-10-15 07:54:05 - app - INFO - Created temporary file: [REDACTED] (purpose: asr_segment)
2025-10-15 07:54:05 - app - INFO - Created temporary file: [REDACTED] (purpose: asr_segment)
2025-10-15 07:54:06 - app - INFO - Created temporary file: [REDACTED] (purpose: asr_segment)
2025-10-15 07:54:06 - app - INFO - Created temporary file: [REDACTED] (purpose: asr_segment)
2025-10-15 07:54:06 - app - INFO - Created temporary file: [REDACTED] (purpose: asr_segment)
2025-10-15 07:54:06 - app - INFO - Created temporary file: [REDACTED] (purpose: asr_segment)
2025-10-15 07:54:06 - app - INFO - Created temporary file: [REDACTED] (purpose: asr_segment)
2025-10-15 07:54:06 - app - INFO - Created temporary file: [REDACTED] (purpose: asr_segment)
2025-10-15 07:54:06 - app - INFO - Created temporary file: [REDACTED] (purpose: asr_segment)
2025-10-15 07:54:06 - app - INFO - Created temporary file: [REDACTED] (purpose: asr_segment)
2025-10-15 07:54:06 - app - INFO - Created temporary file: [REDACTED] (purpose: asr_segment)
2025-10-15 07:54:06 - app - INFO - Created temporary file: [REDACTED] (purpose: asr_segment)
2025-10-15 07:54:06 - app - INFO - Created temporary file: [REDACTED] (purpose: asr_segment)
2025-10-15 07:54:07 - app - INFO - Created temporary file: [REDACTED] (purpose: asr_segment)
2025-10-15 07:54:07 - app - INFO - Created temporary file: [REDACTED] (purpose: asr_segment)
2025-10-15 07:54:07 - app - INFO - Created temporary file: [REDACTED] (purpose: asr_segment)
2025-10-15 07:54:07 - app - INFO - Created temporary file: [REDACTED] (purpose: asr_segment)
2025-10-15 07:54:07 - app - INFO - Created temporary file: [REDACTED] (purpose: asr_segment)
2025-10-15 07:54:07 - app - INFO - Created temporary file: [REDACTED] (purpose: asr_segment)
2025-10-15 07:54:07 - app - INFO - Created temporary file: [REDACTED] (purpose: asr_segment)
2025-10-15 07:54:07 - app - INFO - Created temporary file: [REDACTED] (purpose: asr_segment)
2025-10-15 07:54:07 - app - INFO - Created temporary file: [REDACTED] (purpose: asr_segment)
2025-10-15 07:54:07 - app - INFO - Created temporary file: [REDACTED] (purpose: asr_segment)
2025-10-15 07:54:08 - app - INFO - Created temporary file: [REDACTED] (purpose: asr_segment)
2025-10-15 07:54:08 - app - INFO - Created temporary file: [REDACTED] (purpose: asr_segment)
2025-10-15 07:54:08 - app - INFO - Created temporary file: [REDACTED] (purpose: asr_segment)
2025-10-15 07:54:08 - app - INFO - Created temporary file: [REDACTED] (purpose: asr_segment)
2025-10-15 07:54:08 - app - INFO - Created temporary file: [REDACTED] (purpose: asr_segment)
2025-10-15 07:54:08 - app - INFO - Created temporary file: [REDACTED] (purpose: asr_segment)
2025-10-15 07:54:08 - app - INFO - Created temporary file: [REDACTED] (purpose: asr_segment)
2025-10-15 07:54:08 - app - INFO - Created temporary file: [REDACTED] (purpose: asr_segment)
2025-10-15 07:54:08 - app - INFO - Created temporary file: [REDACTED] (purpose: asr_segment)
2025-10-15 07:54:08 - app - INFO - Created temporary file: [REDACTED] (purpose: asr_segment)
2025-10-15 07:54:09 - app - INFO - Created temporary file: [REDACTED] (purpose: asr_segment)
2025-10-15 07:54:09 - app - INFO - Created temporary file: [REDACTED] (purpose: asr_segment)
2025-10-15 07:54:09 - app - INFO - Created temporary file: [REDACTED] (purpose: asr_segment)
2025-10-15 07:54:09 - app - INFO - Created temporary file: [REDACTED] (purpose: asr_segment)
2025-10-15 07:54:09 - app - INFO - Created temporary file: [REDACTED] (purpose: asr_segment)
2025-10-15 07:54:09 - app - INFO - Created temporary file: [REDACTED] (purpose: asr_segment)
2025-10-15 07:54:09 - app - INFO - Created temporary file: [REDACTED] (purpose: asr_segment)
2025-10-15 07:54:09 - app - INFO - Created temporary file: [REDACTED] (purpose: asr_segment)
2025-10-15 07:54:09 - app - INFO - Created temporary file: [REDACTED] (purpose: asr_segment)
2025-10-15 07:54:09 - app - INFO - Created temporary file: [REDACTED] (purpose: asr_segment)
2025-10-15 07:54:10 - app - INFO - Created temporary file: [REDACTED] (purpose: asr_segment)
2025-10-15 07:54:10 - app - INFO - Created temporary file: [REDACTED] (purpose: asr_segment)
2025-10-15 07:54:10 - app - INFO - Created temporary file: [REDACTED] (purpose: asr_segment)
2025-10-15 07:54:10 - app - INFO - Created temporary file: [REDACTED] (purpose: asr_segment)
2025-10-15 07:54:10 - app - INFO - Created temporary file: [REDACTED] (purpose: asr_segment)
2025-10-15 07:54:10 - app - INFO - Created temporary file: [REDACTED] (purpose: asr_segment)
2025-10-15 07:54:10 - app - INFO - Created temporary file: [REDACTED] (purpose: asr_segment)
2025-10-15 07:54:10 - app - INFO - Created temporary file: [REDACTED] (purpose: asr_segment)
2025-10-15 07:54:10 - app - INFO - Created temporary file: [REDACTED] (purpose: asr_segment)
2025-10-15 07:54:10 - app - INFO - Created temporary file: [REDACTED] (purpose: asr_segment)
2025-10-15 07:54:10 - app - INFO - Created temporary file: [REDACTED] (purpose: asr_segment)
2025-10-15 07:54:11 - app - INFO - Created temporary file: [REDACTED] (purpose: asr_segment)
2025-10-15 07:54:11 - app - INFO - Created temporary file: [REDACTED] (purpose: asr_segment)
2025-10-15 07:54:11 - app - INFO - Created temporary file: [REDACTED] (purpose: asr_segment)
2025-10-15 07:54:11 - app - INFO - Created temporary file: [REDACTED] (purpose: asr_segment)
2025-10-15 07:54:11 - app - INFO - Created temporary file: [REDACTED] (purpose: asr_segment)
2025-10-15 07:54:11 - app - INFO - Created temporary file: [REDACTED] (purpose: asr_segment)
2025-10-15 07:54:11 - app - INFO - Created temporary file: [REDACTED] (purpose: asr_segment)
2025-10-15 07:54:11 - app - INFO - Created temporary file: [REDACTED] (purpose: asr_segment)
2025-10-15 07:54:11 - app - INFO - Created temporary file: [REDACTED] (purpose: asr_segment)
2025-10-15 07:54:12 - app - INFO - Created temporary file: [REDACTED] (purpose: asr_segment)
2025-10-15 07:54:12 - app - INFO - Created temporary file: [REDACTED] (purpose: asr_segment)
2025-10-15 07:54:12 - app - INFO - Created temporary file: [REDACTED] (purpose: asr_segment)
2025-10-15 07:54:12 - app - INFO - Created temporary file: [REDACTED] (purpose: asr_segment)
2025-10-15 07:54:12 - app - INFO - Created temporary file: [REDACTED] (purpose: asr_segment)
2025-10-15 07:54:12 - app - INFO - Created temporary file: [REDACTED] (purpose: asr_segment)
2025-10-15 07:54:12 - app - INFO - Created temporary file: [REDACTED] (purpose: asr_segment)
2025-10-15 07:54:13 - app - INFO - Created temporary file: [REDACTED] (purpose: asr_segment)
2025-10-15 07:54:13 - app - INFO - Created temporary file: [REDACTED] (purpose: asr_segment)
2025-10-15 07:54:14 - app - INFO - Starting cleanup of 133 files and 0 directories
2025-10-15 07:54:14 - app - INFO - Successfully deleted file: [REDACTED] (purpose: audio_conversion, size: 0 bytes, access_count: 0)
2025-10-15 07:54:14 - app - INFO - Successfully deleted file: [REDACTED] (purpose: asr_segment, size: 0 bytes, access_count: 0)
2025-10-15 07:54:14 - app - INFO - Successfully deleted file: [REDACTED] (purpose: asr_segment, size: 0 bytes, access_count: 0)
2025-10-15 07:54:14 - app - INFO - Successfully deleted file: [REDACTED] (purpose: asr_segment, size: 0 bytes, access_count: 0)
2025-10-15 07:54:14 - app - INFO - Successfully deleted file: [REDACTED] (purpose: asr_segment, size: 0 bytes, access_count: 0)
2025-10-15 07:54:14 - app - INFO - Successfully deleted file: [REDACTED] (purpose: asr_segment, size: 0 bytes, access_count: 0)
2025-10-15 07:54:14 - app - INFO - Successfully deleted file: [REDACTED] (purpose: asr_segment, size: 0 bytes, access_count: 0)
2025-10-15 07:54:14 - app - INFO - Successfully deleted file: [REDACTED] (purpose: asr_segment, size: 0 bytes, access_count: 0)
2025-10-15 07:54:14 - app - INFO - Successfully deleted file: [REDACTED] (purpose: asr_segment, size: 0 bytes, access_count: 0)
2025-10-15 07:54:14 - app - INFO - Successfully deleted file: [REDACTED] (purpose: asr_segment, size: 0 bytes, access_count: 0)
2025-10-15 07:54:14 - app - INFO - Successfully deleted file: [REDACTED] (purpose: asr_segment, size: 0 bytes, access_count: 0)
2025-10-15 07:54:14 - app - INFO - Successfully deleted file: [REDACTED] (purpose: asr_segment, size: 0 bytes, access_count: 0)
2025-10-15 07:54:14 - app - INFO - Successfully deleted file: [REDACTED] (purpose: asr_segment, size: 0 bytes, access_count: 0)
2025-10-15 07:54:14 - app - INFO - Successfully deleted file: [REDACTED] (purpose: asr_segment, size: 0 bytes, access_count: 0)
2025-10-15 07:54:14 - app - INFO - Successfully deleted file: [REDACTED] (purpose: asr_segment, size: 0 bytes, access_count: 0)
2025-10-15 07:54:14 - app - INFO - Successfully deleted file: [REDACTED] (purpose: asr_segment, size: 0 bytes, access_count: 0)
2025-10-15 07:54:14 - app - INFO - Successfully deleted file: [REDACTED] (purpose: asr_segment, size: 0 bytes, access_count: 0)
2025-10-15 07:54:14 - app - INFO - Successfully deleted file: [REDACTED] (purpose: asr_segment, size: 0 bytes, access_count: 0)
2025-10-15 07:54:14 - app - INFO - Successfully deleted file: [REDACTED] (purpose: asr_segment, size: 0 bytes, access_count: 0)
2025-10-15 07:54:14 - app - INFO - Successfully deleted file: [REDACTED] (purpose: asr_segment, size: 0 bytes, access_count: 0)
2025-10-15 07:54:14 - app - INFO - Successfully deleted file: [REDACTED] (purpose: asr_segment, size: 0 bytes, access_count: 0)
2025-10-15 07:54:14 - app - INFO - Successfully deleted file: [REDACTED] (purpose: asr_segment, size: 0 bytes, access_count: 0)
2025-10-15 07:54:14 - app - INFO - Successfully deleted file: [REDACTED] (purpose: asr_segment, size: 0 bytes, access_count: 0)
2025-10-15 07:54:14 - app - INFO - Successfully deleted file: [REDACTED] (purpose: asr_segment, size: 0 bytes, access_count: 0)
2025-10-15 07:54:14 - app - INFO - Successfully deleted file: [REDACTED] (purpose: asr_segment, size: 0 bytes, access_count: 0)
2025-10-15 07:54:14 - app - INFO - Successfully deleted file: [REDACTED] (purpose: asr_segment, size: 0 bytes, access_count: 0)
2025-10-15 07:54:14 - app - INFO - Successfully deleted file: [REDACTED] (purpose: asr_segment, size: 0 bytes, access_count: 0)
2025-10-15 07:54:14 - app - INFO - Successfully deleted file: [REDACTED] (purpose: asr_segment, size: 0 bytes, access_count: 0)
2025-10-15 07:54:14 - app - INFO - Successfully deleted file: [REDACTED] (purpose: asr_segment, size: 0 bytes, access_count: 0)
2025-10-15 07:54:14 - app - INFO - Successfully deleted file: [REDACTED] (purpose: asr_segment, size: 0 bytes, access_count: 0)
2025-10-15 07:54:14 - app - INFO - Successfully deleted file: [REDACTED] (purpose: asr_segment, size: 0 bytes, access_count: 0)
2025-10-15 07:54:14 - app - INFO - Successfully deleted file: [REDACTED] (purpose: asr_segment, size: 0 bytes, access_count: 0)
2025-10-15 07:54:14 - app - INFO - Successfully deleted file: [REDACTED] (purpose: asr_segment, size: 0 bytes, access_count: 0)
2025-10-15 07:54:14 - app - INFO - Successfully deleted file: [REDACTED] (purpose: asr_segment, size: 0 bytes, access_count: 0)
2025-10-15 07:54:14 - app - INFO - Successfully deleted file: [REDACTED] (purpose: asr_segment, size: 0 bytes, access_count: 0)
2025-10-15 07:54:14 - app - INFO - Successfully deleted file: [REDACTED] (purpose: asr_segment, size: 0 bytes, access_count: 0)
2025-10-15 07:54:14 - app - INFO - Successfully deleted file: [REDACTED] (purpose: asr_segment, size: 0 bytes, access_count: 0)
2025-10-15 07:54:14 - app - INFO - Successfully deleted file: [REDACTED] (purpose: asr_segment, size: 0 bytes, access_count: 0)
2025-10-15 07:54:14 - app - INFO - Successfully deleted file: [REDACTED] (purpose: asr_segment, size: 0 bytes, access_count: 0)
2025-10-15 07:54:14 - app - INFO - Successfully deleted file: [REDACTED] (purpose: asr_segment, size: 0 bytes, access_count: 0)
2025-10-15 07:54:14 - app - INFO - Successfully deleted file: [REDACTED] (purpose: asr_segment, size: 0 bytes, access_count: 0)
2025-10-15 07:54:14 - app - INFO - Successfully deleted file: [REDACTED] (purpose: asr_segment, size: 0 bytes, access_count: 0)
2025-10-15 07:54:14 - app - INFO - Successfully deleted file: [REDACTED] (purpose: asr_segment, size: 0 bytes, access_count: 0)
2025-10-15 07:54:14 - app - INFO - Successfully deleted file: [REDACTED] (purpose: asr_segment, size: 0 bytes, access_count: 0)
2025-10-15 07:54:14 - app - INFO - Successfully deleted file: [REDACTED] (purpose: asr_segment, size: 0 bytes, access_count: 0)
2025-10-15 07:54:14 - app - INFO - Successfully deleted file: [REDACTED] (purpose: asr_segment, size: 0 bytes, access_count: 0)
2025-10-15 07:54:14 - app - INFO - Successfully deleted file: [REDACTED] (purpose: asr_segment, size: 0 bytes, access_count: 0)
2025-10-15 07:54:14 - app - INFO - Successfully deleted file: [REDACTED] (purpose: asr_segment, size: 0 bytes, access_count: 0)
2025-10-15 07:54:14 - app - INFO - Successfully deleted file: [REDACTED] (purpose: asr_segment, size: 0 bytes, access_count: 0)
2025-10-15 07:54:14 - app - INFO - Successfully deleted file: [REDACTED] (purpose: asr_segment, size: 0 bytes, access_count: 0)
2025-10-15 07:54:14 - app - INFO - Successfully deleted file: [REDACTED] (purpose: asr_segment, size: 0 bytes, access_count: 0)
2025-10-15 07:54:14 - app - INFO - Successfully deleted file: [REDACTED] (purpose: asr_segment, size: 0 bytes, access_count: 0)
2025-10-15 07:54:14 - app - INFO - Successfully deleted file: [REDACTED] (purpose: asr_segment, size: 0 bytes, access_count: 0)
2025-10-15 07:54:14 - app - INFO - Successfully deleted file: [REDACTED] (purpose: asr_segment, size: 0 bytes, access_count: 0)
2025-10-15 07:54:14 - app - INFO - Successfully deleted file: [REDACTED] (purpose: asr_segment, size: 0 bytes, access_count: 0)
2025-10-15 07:54:14 - app - INFO - Successfully deleted file: [REDACTED] (purpose: asr_segment, size: 0 bytes, access_count: 0)
2025-10-15 07:54:14 - app - INFO - Successfully deleted file: [REDACTED] (purpose: asr_segment, size: 0 bytes, access_count: 0)
2025-10-15 07:54:14 - app - INFO - Successfully deleted file: [REDACTED] (purpose: asr_segment, size: 0 bytes, access_count: 0)
2025-10-15 07:54:14 - app - INFO - Successfully deleted file: [REDACTED] (purpose: asr_segment, size: 0 bytes, access_count: 0)
2025-10-15 07:54:14 - app - INFO - Successfully deleted file: [REDACTED] (purpose: asr_segment, size: 0 bytes, access_count: 0)
2025-10-15 07:54:14 - app - INFO - Successfully deleted file: [REDACTED] (purpose: asr_segment, size: 0 bytes, access_count: 0)
2025-10-15 07:54:14 - app - INFO - Successfully deleted file: [REDACTED] (purpose: asr_segment, size: 0 bytes, access_count: 0)
2025-10-15 07:54:14 - app - INFO - Successfully deleted file: [REDACTED] (purpose: asr_segment, size: 0 bytes, access_count: 0)
2025-10-15 07:54:14 - app - INFO - Successfully deleted file: [REDACTED] (purpose: asr_segment, size: 0 bytes, access_count: 0)
2025-10-15 07:54:14 - app - INFO - Successfully deleted file: [REDACTED] (purpose: asr_segment, size: 0 bytes, access_count: 0)
2025-10-15 07:54:14 - app - INFO - Successfully deleted file: [REDACTED] (purpose: asr_segment, size: 0 bytes, access_count: 0)
2025-10-15 07:54:14 - app - INFO - Successfully deleted file: [REDACTED] (purpose: asr_segment, size: 0 bytes, access_count: 0)
2025-10-15 07:54:14 - app - INFO - Successfully deleted file: [REDACTED] (purpose: asr_segment, size: 0 bytes, access_count: 0)
2025-10-15 07:54:14 - app - INFO - Successfully deleted file: [REDACTED] (purpose: asr_segment, size: 0 bytes, access_count: 0)
2025-10-15 07:54:14 - app - INFO - Successfully deleted file: [REDACTED] (purpose: asr_segment, size: 0 bytes, access_count: 0)
2025-10-15 07:54:14 - app - INFO - Successfully deleted file: [REDACTED] (purpose: asr_segment, size: 0 bytes, access_count: 0)
2025-10-15 07:54:14 - app - INFO - Successfully deleted file: [REDACTED] (purpose: asr_segment, size: 0 bytes, access_count: 0)
2025-10-15 07:54:14 - app - INFO - Successfully deleted file: [REDACTED] (purpose: asr_segment, size: 0 bytes, access_count: 0)
2025-10-15 07:54:14 - app - INFO - Successfully deleted file: [REDACTED] (purpose: asr_segment, size: 0 bytes, access_count: 0)
2025-10-15 07:54:14 - app - INFO - Successfully deleted file: [REDACTED] (purpose: asr_segment, size: 0 bytes, access_count: 0)
2025-10-15 07:54:14 - app - INFO - Successfully deleted file: [REDACTED] (purpose: asr_segment, size: 0 bytes, access_count: 0)
2025-10-15 07:54:14 - app - INFO - Successfully deleted file: [REDACTED] (purpose: asr_segment, size: 0 bytes, access_count: 0)
2025-10-15 07:54:14 - app - INFO - Successfully deleted file: [REDACTED] (purpose: asr_segment, size: 0 bytes, access_count: 0)
2025-10-15 07:54:14 - app - INFO - Successfully deleted file: [REDACTED] (purpose: asr_segment, size: 0 bytes, access_count: 0)
2025-10-15 07:54:14 - app - INFO - Successfully deleted file: [REDACTED] (purpose: asr_segment, size: 0 bytes, access_count: 0)
2025-10-15 07:54:14 - app - INFO - Successfully deleted file: [REDACTED] (purpose: asr_segment, size: 0 bytes, access_count: 0)
2025-10-15 07:54:14 - app - INFO - Successfully deleted file: [REDACTED] (purpose: asr_segment, size: 0 bytes, access_count: 0)
2025-10-15 07:54:14 - app - INFO - Successfully deleted file: [REDACTED] (purpose: asr_segment, size: 0 bytes, access_count: 0)
2025-10-15 07:54:14 - app - INFO - Successfully deleted file: [REDACTED] (purpose: asr_segment, size: 0 bytes, access_count: 0)
2025-10-15 07:54:14 - app - INFO - Successfully deleted file: [REDACTED] (purpose: asr_segment, size: 0 bytes, access_count: 0)
2025-10-15 07:54:14 - app - INFO - Successfully deleted file: [REDACTED] (purpose: asr_segment, size: 0 bytes, access_count: 0)
2025-10-15 07:54:14 - app - INFO - Successfully deleted file: [REDACTED] (purpose: asr_segment, size: 0 bytes, access_count: 0)
2025-10-15 07:54:14 - app - INFO - Successfully deleted file: [REDACTED] (purpose: asr_segment, size: 0 bytes, access_count: 0)
2025-10-15 07:54:14 - app - INFO - Successfully deleted file: [REDACTED] (purpose: asr_segment, size: 0 bytes, access_count: 0)
2025-10-15 07:54:14 - app - INFO - Successfully deleted file: [REDACTED] (purpose: asr_segment, size: 0 bytes, access_count: 0)
2025-10-15 07:54:14 - app - INFO - Successfully deleted file: [REDACTED] (purpose: asr_segment, size: 0 bytes, access_count: 0)
2025-10-15 07:54:14 - app - INFO - Successfully deleted file: [REDACTED] (purpose: asr_segment, size: 0 bytes, access_count: 0)
2025-10-15 07:54:14 - app - INFO - Successfully deleted file: [REDACTED] (purpose: asr_segment, size: 0 bytes, access_count: 0)
2025-10-15 07:54:14 - app - INFO - Successfully deleted file: [REDACTED] (purpose: asr_segment, size: 0 bytes, access_count: 0)
2025-10-15 07:54:14 - app - INFO - Successfully deleted file: [REDACTED] (purpose: asr_segment, size: 0 bytes, access_count: 0)
2025-10-15 07:54:14 - app - INFO - Successfully deleted file: [REDACTED] (purpose: asr_segment, size: 0 bytes, access_count: 0)
2025-10-15 07:54:14 - app - INFO - Successfully deleted file: [REDACTED] (purpose: asr_segment, size: 0 bytes, access_count: 0)
2025-10-15 07:54:14 - app - INFO - Successfully deleted file: [REDACTED] (purpose: asr_segment, size: 0 bytes, access_count: 0)
2025-10-15 07:54:14 - app - INFO - Successfully deleted file: [REDACTED] (purpose: asr_segment, size: 0 bytes, access_count: 0)
2025-10-15 07:54:14 - app - INFO - Successfully deleted file: [REDACTED] (purpose: asr_segment, size: 0 bytes, access_count: 0)
2025-10-15 07:54:14 - app - INFO - Successfully deleted file: [REDACTED] (purpose: asr_segment, size: 0 bytes, access_count: 0)
2025-10-15 07:54:14 - app - INFO - Successfully deleted file: [REDACTED] (purpose: asr_segment, size: 0 bytes, access_count: 0)
2025-10-15 07:54:14 - app - INFO - Successfully deleted file: [REDACTED] (purpose: asr_segment, size: 0 bytes, access_count: 0)
2025-10-15 07:54:14 - app - INFO - Successfully deleted file: [REDACTED] (purpose: asr_segment, size: 0 bytes, access_count: 0)
2025-10-15 07:54:14 - app - INFO - Successfully deleted file: [REDACTED] (purpose: asr_segment, size: 0 bytes, access_count: 0)
2025-10-15 07:54:14 - app - INFO - Successfully deleted file: [REDACTED] (purpose: asr_segment, size: 0 bytes, access_count: 0)
2025-10-15 07:54:14 - app - INFO - Successfully deleted file: [REDACTED] (purpose: asr_segment, size: 0 bytes, access_count: 0)
2025-10-15 07:54:14 - app - INFO - Successfully deleted file: [REDACTED] (purpose: asr_segment, size: 0 bytes, access_count: 0)
2025-10-15 07:54:14 - app - INFO - Successfully deleted file: [REDACTED] (purpose: asr_segment, size: 0 bytes, access_count: 0)
2025-10-15 07:54:14 - app - INFO - Successfully deleted file: [REDACTED] (purpose: asr_segment, size: 0 bytes, access_count: 0)
2025-10-15 07:54:14 - app - INFO - Successfully deleted file: [REDACTED] (purpose: asr_segment, size: 0 bytes, access_count: 0)
2025-10-15 07:54:14 - app - INFO - Successfully deleted file: [REDACTED] (purpose: asr_segment, size: 0 bytes, access_count: 0)
2025-10-15 07:54:14 - app - INFO - Successfully deleted file: [REDACTED] (purpose: asr_segment, size: 0 bytes, access_count: 0)
2025-10-15 07:54:14 - app - INFO - Successfully deleted file: [REDACTED] (purpose: asr_segment, size: 0 bytes, access_count: 0)
2025-10-15 07:54:14 - app - INFO - Successfully deleted file: [REDACTED] (purpose: asr_segment, size: 0 bytes, access_count: 0)
2025-10-15 07:54:14 - app - INFO - Successfully deleted file: [REDACTED] (purpose: asr_segment, size: 0 bytes, access_count: 0)
2025-10-15 07:54:14 - app - INFO - Successfully deleted file: [REDACTED] (purpose: asr_segment, size: 0 bytes, access_count: 0)
2025-10-15 07:54:14 - app - INFO - Successfully deleted file: [REDACTED] (purpose: asr_segment, size: 0 bytes, access_count: 0)
2025-10-15 07:54:14 - app - INFO - Successfully deleted file: [REDACTED] (purpose: asr_segment, size: 0 bytes, access_count: 0)
2025-10-15 07:54:14 - app - INFO - Successfully deleted file: [REDACTED] (purpose: asr_segment, size: 0 bytes, access_count: 0)
2025-10-15 07:54:14 - app - INFO - Successfully deleted file: [REDACTED] (purpose: asr_segment, size: 0 bytes, access_count: 0)
2025-10-15 07:54:14 - app - INFO - Successfully deleted file: [REDACTED] (purpose: asr_segment, size: 0 bytes, access_count: 0)
2025-10-15 07:54:14 - app - INFO - Successfully deleted file: [REDACTED] (purpose: asr_segment, size: 0 bytes, access_count: 0)
2025-10-15 07:54:14 - app - INFO - Successfully deleted file: [REDACTED] (purpose: asr_segment, size: 0 bytes, access_count: 0)
2025-10-15 07:54:14 - app - INFO - Successfully deleted file: [REDACTED] (purpose: asr_segment, size: 0 bytes, access_count: 0)
2025-10-15 07:54:14 - app - INFO - Successfully deleted file: [REDACTED] (purpose: asr_segment, size: 0 bytes, access_count: 0)
2025-10-15 07:54:14 - app - INFO - Successfully deleted file: [REDACTED] (purpose: asr_segment, size: 0 bytes, access_count: 0)
2025-10-15 07:54:14 - app - INFO - Successfully deleted file: [REDACTED] (purpose: asr_segment, size: 0 bytes, access_count: 0)
2025-10-15 07:54:14 - app - INFO - Successfully deleted file: [REDACTED] (purpose: asr_segment, size: 0 bytes, access_count: 0)
2025-10-15 07:54:14 - app - INFO - Successfully deleted file: [REDACTED] (purpose: asr_segment, size: 0 bytes, access_count: 0)
2025-10-15 07:54:14 - app - INFO - Successfully deleted file: [REDACTED] (purpose: asr_segment, size: 0 bytes, access_count: 0)
2025-10-15 07:54:14 - app - INFO - Successfully deleted file: [REDACTED] (purpose: asr_segment, size: 0 bytes, access_count: 0)
2025-10-15 07:54:14 - app - INFO - Successfully deleted file: [REDACTED] (purpose: asr_segment, size: 0 bytes, access_count: 0)
2025-10-15 07:54:14 - app - INFO - TempFileTracker session ended. Cleanup successful: True
2025-10-15 07:54:18 - app - WARNING - Worker stderr: 2025-10-15 07:53:22 - app - INFO - TempFileTracker session started
2025-10-15 07:53:22 - worker - INFO - Expected number of speakers: 2
2025-10-15 07:53:24 - app - INFO - Created temporary file: [REDACTED] (purpose: audio_conversion)
[NeMo W 2025-10-15 07:53:29 nemo_logging:405] If you intend to do training or fine-tuning, please call the ModelPT.setup_training_data() method and provide a valid configuration file to setup the train data loader.
    Train config : 
    manifest_filepath: null
    sample_rate: 16000
    batch_size: 1
    shuffle: true
    num_workers: 8
    pin_memory: true
    max_duration: 20
    min_duration: 0.1
    is_tarred: true
    tarred_audio_filepaths: null
    shuffle_n: 2048
    bucketing_strategy: fully_randomized
    bucketing_batch_size:
    - 64
    - 64
    - 32
    - 32
    - 32
    - 32
    - 16
    - 16
    - 64
    - 64
    - 32
    - 32
    - 32
    - 32
    - 16
    - 16
    - 64
    - 64
    - 32
    - 32
    - 32
    - 32
    - 16
    - 16
    defer_setup: true
    
[NeMo W 2025-10-15 07:53:29 nemo_logging:405] If you intend to do validation, please call the ModelPT.setup_validation_data() or ModelPT.setup_multiple_validation_data() method and provide a valid configuration file to setup the validation data loader(s). 
    Validation config : 
    manifest_filepath: null
    sample_rate: 16000
    batch_size: 16
    shuffle: false
    use_start_end_token: false
    num_workers: 8
    pin_memory: true
    
[NeMo W 2025-10-15 07:53:29 nemo_logging:405] Please call the ModelPT.setup_test_data() or ModelPT.setup_multiple_test_data() method and provide a valid configuration file to setup the test data loader(s).
    Test config : 
    manifest_filepath: null
    sample_rate: 16000
    batch_size: 16
    shuffle: false
    use_start_end_token: false
    num_workers: 8
    pin_memory: true
    
[NeMo W 2025-10-15 07:53:42 nemo_logging:405] /home/sun/ai/project/asrdiarize/.venv/lib/python3.12/site-packages/pyannote/audio/utils/reproducibility.py:74: ReproducibilityWarning: TensorFloat-32 (TF32) has been disabled as it might lead to reproducibility issues and lower accuracy.
    It can be re-enabled by calling
       >>> import torch
       >>> torch.backends.cuda.matmul.allow_tf32 = True
       >>> torch.backends.cudnn.allow_tf32 = True
    See https://github.com/pyannote/pyannote-audio/issues/1370 for more details.
    
      warnings.warn(
    
2025-10-15 07:53:59 - app - INFO - Created temporary file: [REDACTED] (purpose: asr_segment)

Transcribing:   0%|          | 0/1 [00:00<?, ?it/s]
Transcribing: 100%|██████████| 1/1 [00:00<00:00,  3.62it/s]
Transcribing: 100%|██████████| 1/1 [00:00<00:00,  3.61it/s]
2025-10-15 07:53:59 - app - INFO - Created temporary file: [REDACTED] (purpose: asr_segment)

Transcribing:   0%|          | 0/1 [00:00<?, ?it/s]
Transcribing: 100%|██████████| 1/1 [00:00<00:00, 10.15it/s]
2025-10-15 07:53:59 - app - INFO - Created temporary file: [REDACTED] (purpose: asr_segment)

Transcribing:   0%|          | 0/1 [00:00<?, ?it/s]
Transcribing: 100%|██████████| 1/1 [00:00<00:00, 10.43it/s]
2025-10-15 07:54:00 - app - INFO - Created temporary file: [REDACTED] (purpose: asr_segment)

Transcribing:   0%|          | 0/1 [00:00<?, ?it/s]
Transcribing: 100%|██████████| 1/1 [00:00<00:00,  8.16it/s]
Transcribing: 100%|██████████| 1/1 [00:00<00:00,  8.12it/s]
2025-10-15 07:54:00 - app - INFO - Created temporary file: [REDACTED] (purpose: asr_segment)

Transcribing:   0%|          | 0/1 [00:00<?, ?it/s]
Transcribing: 100%|██████████| 1/1 [00:00<00:00, 11.32it/s]
2025-10-15 07:54:00 - app - INFO - Created temporary file: [REDACTED] (purpose: asr_segment)

Transcribing:   0%|          | 0/1 [00:00<?, ?it/s]
Transcribing: 100%|██████████| 1/1 [00:00<00:00,  5.75it/s]
Transcribing: 100%|██████████| 1/1 [00:00<00:00,  5.74it/s]
2025-10-15 07:54:00 - app - INFO - Created temporary file: [REDACTED] (purpose: asr_segment)

Transcribing:   0%|          | 0/1 [00:00<?, ?it/s]
Transcribing: 100%|██████████| 1/1 [00:00<00:00, 12.67it/s]
2025-10-15 07:54:00 - app - INFO - Created temporary file: [REDACTED] (purpose: asr_segment)

Transcribing:   0%|          | 0/1 [00:00<?, ?it/s]
Transcribing: 100%|██████████| 1/1 [00:00<00:00, 18.20it/s]
2025-10-15 07:54:00 - app - INFO - Created temporary file: [REDACTED] (purpose: asr_segment)

Transcribing:   0%|          | 0/1 [00:00<?, ?it/s]
Transcribing: 100%|██████████| 1/1 [00:00<00:00, 14.21it/s]
2025-10-15 07:54:00 - app - INFO - Created temporary file: [REDACTED] (purpose: asr_segment)

Transcribing:   0%|          | 0/1 [00:00<?, ?it/s]
Transcribing: 100%|██████████| 1/1 [00:00<00:00, 16.05it/s]
2025-10-15 07:54:00 - app - INFO - Created temporary file: [REDACTED] (purpose: asr_segment)

Transcribing:   0%|          | 0/1 [00:00<?, ?it/s]
Transcribing: 100%|██████████| 1/1 [00:00<00:00,  6.82it/s]
Transcribing: 100%|██████████| 1/1 [00:00<00:00,  6.79it/s]
2025-10-15 07:54:00 - app - INFO - Created temporary file: [REDACTED] (purpose: asr_segment)

Transcribing:   0%|          | 0/1 [00:00<?, ?it/s]
Transcribing: 100%|██████████| 1/1 [00:00<00:00, 16.00it/s]
2025-10-15 07:54:01 - app - INFO - Created temporary file: [REDACTED] (purpose: asr_segment)

Transcribing:   0%|          | 0/1 [00:00<?, ?it/s]
Transcribing: 100%|██████████| 1/1 [00:00<00:00, 14.83it/s]
2025-10-15 07:54:01 - app - INFO - Created temporary file: [REDACTED] (purpose: asr_segment)

Transcribing:   0%|          | 0/1 [00:00<?, ?it/s]
Transcribing: 100%|██████████| 1/1 [00:00<00:00, 11.31it/s]
2025-10-15 07:54:01 - app - INFO - Created temporary file: [REDACTED] (purpose: asr_segment)

Transcribing:   0%|          | 0/1 [00:00<?, ?it/s]
Transcribing: 100%|██████████| 1/1 [00:00<00:00, 10.43it/s]
2025-10-15 07:54:01 - app - INFO - Created temporary file: [REDACTED] (purpose: asr_segment)

Transcribing:   0%|          | 0/1 [00:00<?, ?it/s]
Transcribing: 100%|██████████| 1/1 [00:00<00:00, 10.38it/s]
2025-10-15 07:54:01 - app - INFO - Created temporary file: [REDACTED] (purpose: asr_segment)

Transcribing:   0%|          | 0/1 [00:00<?, ?it/s]
Transcribing: 100%|██████████| 1/1 [00:00<00:00, 16.92it/s]
2025-10-15 07:54:01 - app - INFO - Created temporary file: [REDACTED] (purpose: asr_segment)

Transcribing:   0%|          | 0/1 [00:00<?, ?it/s]
Transcribing: 100%|██████████| 1/1 [00:00<00:00,  6.38it/s]
Transcribing: 100%|██████████| 1/1 [00:00<00:00,  6.36it/s]
2025-10-15 07:54:01 - app - INFO - Created temporary file: [REDACTED] (purpose: asr_segment)

Transcribing:   0%|          | 0/1 [00:00<?, ?it/s]
Transcribing: 100%|██████████| 1/1 [00:00<00:00, 20.16it/s]
2025-10-15 07:54:01 - app - INFO - Created temporary file: [REDACTED] (purpose: asr_segment)

Transcribing:   0%|          | 0/1 [00:00<?, ?it/s]
Transcribing: 100%|██████████| 1/1 [00:00<00:00,  8.36it/s]
Transcribing: 100%|██████████| 1/1 [00:00<00:00,  8.33it/s]
2025-10-15 07:54:01 - app - INFO - Created temporary file: [REDACTED] (purpose: asr_segment)

Transcribing:   0%|          | 0/1 [00:00<?, ?it/s]
Transcribing: 100%|██████████| 1/1 [00:00<00:00, 17.92it/s]
2025-10-15 07:54:02 - app - INFO - Created temporary file: [REDACTED] (purpose: asr_segment)

Transcribing:   0%|          | 0/1 [00:00<?, ?it/s]
Transcribing: 100%|██████████| 1/1 [00:00<00:00, 22.03it/s]
2025-10-15 07:54:02 - app - INFO - Created temporary file: [REDACTED] (purpose: asr_segment)

Transcribing:   0%|          | 0/1 [00:00<?, ?it/s]
Transcribing: 100%|██████████| 1/1 [00:00<00:00, 11.73it/s]
2025-10-15 07:54:02 - app - INFO - Created temporary file: [REDACTED] (purpose: asr_segment)

Transcribing:   0%|          | 0/1 [00:00<?, ?it/s]
Transcribing: 100%|██████████| 1/1 [00:00<00:00, 12.38it/s]
2025-10-15 07:54:02 - app - INFO - Created temporary file: [REDACTED] (purpose: asr_segment)

Transcribing:   0%|          | 0/1 [00:00<?, ?it/s]
Transcribing: 100%|██████████| 1/1 [00:00<00:00, 20.06it/s]
2025-10-15 07:54:02 - app - INFO - Created temporary file: [REDACTED] (purpose: asr_segment)

Transcribing:   0%|          | 0/1 [00:00<?, ?it/s]
Transcribing: 100%|██████████| 1/1 [00:00<00:00, 14.64it/s]
2025-10-15 07:54:02 - app - INFO - Created temporary file: [REDACTED] (purpose: asr_segment)

Transcribing:   0%|          | 0/1 [00:00<?, ?it/s]
Transcribing: 100%|██████████| 1/1 [00:00<00:00, 18.87it/s]
2025-10-15 07:54:02 - app - INFO - Created temporary file: [REDACTED] (purpose: asr_segment)

Transcribing:   0%|          | 0/1 [00:00<?, ?it/s]
Transcribing: 100%|██████████| 1/1 [00:00<00:00, 11.11it/s]
2025-10-15 07:54:02 - app - INFO - Created temporary file: [REDACTED] (purpose: asr_segment)

Transcribing:   0%|          | 0/1 [00:00<?, ?it/s]
Transcribing: 100%|██████████| 1/1 [00:00<00:00, 15.53it/s]
2025-10-15 07:54:02 - app - INFO - Created temporary file: [REDACTED] (purpose: asr_segment)

Transcribing:   0%|          | 0/1 [00:00<?, ?it/s]
Transcribing: 100%|██████████| 1/1 [00:00<00:00, 11.40it/s]
2025-10-15 07:54:02 - app - INFO - Created temporary file: [REDACTED] (purpose: asr_segment)

Transcribing:   0%|          | 0/1 [00:00<?, ?it/s]
Transcribing: 100%|██████████| 1/1 [00:00<00:00, 16.92it/s]
2025-10-15 07:54:02 - app - INFO - Created temporary file: [REDACTED] (purpose: asr_segment)

Transcribing:   0%|          | 0/1 [00:00<?, ?it/s]
Transcribing: 100%|██████████| 1/1 [00:00<00:00, 17.60it/s]
2025-10-15 07:54:02 - app - INFO - Created temporary file: [REDACTED] (purpose: asr_segment)

Transcribing:   0%|          | 0/1 [00:00<?, ?it/s]
Transcribing: 100%|██████████| 1/1 [00:00<00:00, 12.80it/s]
2025-10-15 07:54:03 - app - INFO - Created temporary file: [REDACTED] (purpose: asr_segment)

Transcribing:   0%|          | 0/1 [00:00<?, ?it/s]
Transcribing: 100%|██████████| 1/1 [00:00<00:00, 15.06it/s]
2025-10-15 07:54:03 - app - INFO - Created temporary file: [REDACTED] (purpose: asr_segment)

Transcribing:   0%|          | 0/1 [00:00<?, ?it/s]
Transcribing: 100%|██████████| 1/1 [00:00<00:00,  9.24it/s]
Transcribing: 100%|██████████| 1/1 [00:00<00:00,  9.20it/s]
2025-10-15 07:54:03 - app - INFO - Created temporary file: [REDACTED] (purpose: asr_segment)

Transcribing:   0%|          | 0/1 [00:00<?, ?it/s]
Transcribing: 100%|██████████| 1/1 [00:00<00:00, 19.02it/s]
2025-10-15 07:54:03 - app - INFO - Created temporary file: [REDACTED] (purpose: asr_segment)

Transcribing:   0%|          | 0/1 [00:00<?, ?it/s]
Transcribing: 100%|██████████| 1/1 [00:00<00:00, 11.24it/s]
2025-10-15 07:54:03 - app - INFO - Created temporary file: [REDACTED] (purpose: asr_segment)

Transcribing:   0%|          | 0/1 [00:00<?, ?it/s]
Transcribing: 100%|██████████| 1/1 [00:00<00:00, 19.87it/s]
2025-10-15 07:54:03 - app - INFO - Created temporary file: [REDACTED] (purpose: asr_segment)

Transcribing:   0%|          | 0/1 [00:00<?, ?it/s]
Transcribing: 100%|██████████| 1/1 [00:00<00:00,  7.63it/s]
Transcribing: 100%|██████████| 1/1 [00:00<00:00,  7.61it/s]
2025-10-15 07:54:03 - app - INFO - Created temporary file: [REDACTED] (purpose: asr_segment)

Transcribing:   0%|          | 0/1 [00:00<?, ?it/s]
Transcribing: 100%|██████████| 1/1 [00:00<00:00,  9.41it/s]
Transcribing: 100%|██████████| 1/1 [00:00<00:00,  9.37it/s]
2025-10-15 07:54:03 - app - INFO - Created temporary file: [REDACTED] (purpose: asr_segment)

Transcribing:   0%|          | 0/1 [00:00<?, ?it/s]
Transcribing: 100%|██████████| 1/1 [00:00<00:00, 20.23it/s]
2025-10-15 07:54:03 - app - INFO - Created temporary file: [REDACTED] (purpose: asr_segment)

Transcribing:   0%|          | 0/1 [00:00<?, ?it/s]
Transcribing: 100%|██████████| 1/1 [00:00<00:00, 15.39it/s]
2025-10-15 07:54:03 - app - INFO - Created temporary file: [REDACTED] (purpose: asr_segment)

Transcribing:   0%|          | 0/1 [00:00<?, ?it/s]
Transcribing: 100%|██████████| 1/1 [00:00<00:00, 10.63it/s]
2025-10-15 07:54:04 - app - INFO - Created temporary file: [REDACTED] (purpose: asr_segment)

Transcribing:   0%|          | 0/1 [00:00<?, ?it/s]
Transcribing: 100%|██████████| 1/1 [00:00<00:00, 16.44it/s]
2025-10-15 07:54:04 - app - INFO - Created temporary file: [REDACTED] (purpose: asr_segment)

Transcribing:   0%|          | 0/1 [00:00<?, ?it/s]
Transcribing: 100%|██████████| 1/1 [00:00<00:00, 12.22it/s]
2025-10-15 07:54:04 - app - INFO - Created temporary file: [REDACTED] (purpose: asr_segment)

Transcribing:   0%|          | 0/1 [00:00<?, ?it/s]
Transcribing: 100%|██████████| 1/1 [00:00<00:00, 13.40it/s]
2025-10-15 07:54:04 - app - INFO - Created temporary file: [REDACTED] (purpose: asr_segment)

Transcribing:   0%|          | 0/1 [00:00<?, ?it/s]
Transcribing: 100%|██████████| 1/1 [00:00<00:00, 10.03it/s]
2025-10-15 07:54:04 - app - INFO - Created temporary file: [REDACTED] (purpose: asr_segment)

Transcribing:   0%|          | 0/1 [00:00<?, ?it/s]
Transcribing: 100%|██████████| 1/1 [00:00<00:00,  8.48it/s]
Transcribing: 100%|██████████| 1/1 [00:00<00:00,  8.45it/s]
2025-10-15 07:54:04 - app - INFO - Created temporary file: [REDACTED] (purpose: asr_segment)

Transcribing:   0%|          | 0/1 [00:00<?, ?it/s]
Transcribing: 100%|██████████| 1/1 [00:00<00:00, 21.74it/s]
2025-10-15 07:54:04 - app - INFO - Created temporary file: [REDACTED] (purpose: asr_segment)

Transcribing:   0%|          | 0/1 [00:00<?, ?it/s]
Transcribing: 100%|██████████| 1/1 [00:00<00:00,  5.83it/s]
Transcribing: 100%|██████████| 1/1 [00:00<00:00,  5.81it/s]
2025-10-15 07:54:04 - app - INFO - Created temporary file: [REDACTED] (purpose: asr_segment)

Transcribing:   0%|          | 0/1 [00:00<?, ?it/s]
Transcribing: 100%|██████████| 1/1 [00:00<00:00, 11.19it/s]
2025-10-15 07:54:04 - app - INFO - Created temporary file: [REDACTED] (purpose: asr_segment)

Transcribing:   0%|          | 0/1 [00:00<?, ?it/s]
Transcribing: 100%|██████████| 1/1 [00:00<00:00, 10.23it/s]
2025-10-15 07:54:05 - app - INFO - Created temporary file: [REDACTED] (purpose: asr_segment)

Transcribing:   0%|          | 0/1 [00:00<?, ?it/s]
Transcribing: 100%|██████████| 1/1 [00:00<00:00, 24.26it/s]
2025-10-15 07:54:05 - app - INFO - Created temporary file: [REDACTED] (purpose: asr_segment)

Transcribing:   0%|          | 0/1 [00:00<?, ?it/s]
Transcribing: 100%|██████████| 1/1 [00:00<00:00, 19.80it/s]
2025-10-15 07:54:05 - app - INFO - Created temporary file: [REDACTED] (purpose: asr_segment)

Transcribing:   0%|          | 0/1 [00:00<?, ?it/s]
Transcribing: 100%|██████████| 1/1 [00:00<00:00, 14.51it/s]
2025-10-15 07:54:05 - app - INFO - Created temporary file: [REDACTED] (purpose: asr_segment)

Transcribing:   0%|          | 0/1 [00:00<?, ?it/s]
Transcribing: 100%|██████████| 1/1 [00:00<00:00, 20.22it/s]
2025-10-15 07:54:05 - app - INFO - Created temporary file: [REDACTED] (purpose: asr_segment)

Transcribing:   0%|          | 0/1 [00:00<?, ?it/s]
Transcribing: 100%|██████████| 1/1 [00:00<00:00,  8.41it/s]
Transcribing: 100%|██████████| 1/1 [00:00<00:00,  8.38it/s]
2025-10-15 07:54:05 - app - INFO - Created temporary file: [REDACTED] (purpose: asr_segment)

Transcribing:   0%|          | 0/1 [00:00<?, ?it/s]
Transcribing: 100%|██████████| 1/1 [00:00<00:00, 21.30it/s]
2025-10-15 07:54:05 - app - INFO - Created temporary file: [REDACTED] (purpose: asr_segment)

Transcribing:   0%|          | 0/1 [00:00<?, ?it/s]
Transcribing: 100%|██████████| 1/1 [00:00<00:00, 12.82it/s]
2025-10-15 07:54:05 - app - INFO - Created temporary file: [REDACTED] (purpose: asr_segment)

Transcribing:   0%|          | 0/1 [00:00<?, ?it/s]
Transcribing: 100%|██████████| 1/1 [00:00<00:00,  9.49it/s]
Transcribing: 100%|██████████| 1/1 [00:00<00:00,  9.45it/s]
2025-10-15 07:54:05 - app - INFO - Created temporary file: [REDACTED] (purpose: asr_segment)

Transcribing:   0%|          | 0/1 [00:00<?, ?it/s]
Transcribing: 100%|██████████| 1/1 [00:00<00:00, 16.50it/s]
2025-10-15 07:54:05 - app - INFO - Created temporary file: [REDACTED] (purpose: asr_segment)

Transcribing:   0%|          | 0/1 [00:00<?, ?it/s]
Transcribing: 100%|██████████| 1/1 [00:00<00:00,  8.41it/s]
Transcribing: 100%|██████████| 1/1 [00:00<00:00,  8.37it/s]
2025-10-15 07:54:06 - app - INFO - Created temporary file: [REDACTED] (purpose: asr_segment)

Transcribing:   0%|          | 0/1 [00:00<?, ?it/s]
Transcribing: 100%|██████████| 1/1 [00:00<00:00, 12.83it/s]
2025-10-15 07:54:06 - app - INFO - Created temporary file: [REDACTED] (purpose: asr_segment)

Transcribing:   0%|          | 0/1 [00:00<?, ?it/s]
Transcribing: 100%|██████████| 1/1 [00:00<00:00,  9.84it/s]
Transcribing: 100%|██████████| 1/1 [00:00<00:00,  9.79it/s]
2025-10-15 07:54:06 - app - INFO - Created temporary file: [REDACTED] (purpose: asr_segment)

Transcribing:   0%|          | 0/1 [00:00<?, ?it/s]
Transcribing: 100%|██████████| 1/1 [00:00<00:00, 13.32it/s]
2025-10-15 07:54:06 - app - INFO - Created temporary file: [REDACTED] (purpose: asr_segment)

Transcribing:   0%|          | 0/1 [00:00<?, ?it/s]
Transcribing: 100%|██████████| 1/1 [00:00<00:00, 13.63it/s]
2025-10-15 07:54:06 - app - INFO - Created temporary file: [REDACTED] (purpose: asr_segment)

Transcribing:   0%|          | 0/1 [00:00<?, ?it/s]
Transcribing: 100%|██████████| 1/1 [00:00<00:00, 20.54it/s]
2025-10-15 07:54:06 - app - INFO - Created temporary file: [REDACTED] (purpose: asr_segment)

Transcribing:   0%|          | 0/1 [00:00<?, ?it/s]
Transcribing: 100%|██████████| 1/1 [00:00<00:00, 18.00it/s]
2025-10-15 07:54:06 - app - INFO - Created temporary file: [REDACTED] (purpose: asr_segment)

Transcribing:   0%|          | 0/1 [00:00<?, ?it/s]
Transcribing: 100%|██████████| 1/1 [00:00<00:00, 20.13it/s]
2025-10-15 07:54:06 - app - INFO - Created temporary file: [REDACTED] (purpose: asr_segment)

Transcribing:   0%|          | 0/1 [00:00<?, ?it/s]
Transcribing: 100%|██████████| 1/1 [00:00<00:00,  9.23it/s]
Transcribing: 100%|██████████| 1/1 [00:00<00:00,  9.18it/s]
2025-10-15 07:54:06 - app - INFO - Created temporary file: [REDACTED] (purpose: asr_segment)

Transcribing:   0%|          | 0/1 [00:00<?, ?it/s]
Transcribing: 100%|██████████| 1/1 [00:00<00:00, 18.03it/s]
2025-10-15 07:54:06 - app - INFO - Created temporary file: [REDACTED] (purpose: asr_segment)

Transcribing:   0%|          | 0/1 [00:00<?, ?it/s]
Transcribing: 100%|██████████| 1/1 [00:00<00:00,  8.72it/s]
Transcribing: 100%|██████████| 1/1 [00:00<00:00,  8.68it/s]
2025-10-15 07:54:06 - app - INFO - Created temporary file: [REDACTED] (purpose: asr_segment)

Transcribing:   0%|          | 0/1 [00:00<?, ?it/s]
Transcribing: 100%|██████████| 1/1 [00:00<00:00, 11.85it/s]
2025-10-15 07:54:07 - app - INFO - Created temporary file: [REDACTED] (purpose: asr_segment)

Transcribing:   0%|          | 0/1 [00:00<?, ?it/s]
Transcribing: 100%|██████████| 1/1 [00:00<00:00, 16.10it/s]
2025-10-15 07:54:07 - app - INFO - Created temporary file: [REDACTED] (purpose: asr_segment)

Transcribing:   0%|          | 0/1 [00:00<?, ?it/s]
Transcribing: 100%|██████████| 1/1 [00:00<00:00, 17.15it/s]
2025-10-15 07:54:07 - app - INFO - Created temporary file: [REDACTED] (purpose: asr_segment)

Transcribing:   0%|          | 0/1 [00:00<?, ?it/s]
Transcribing: 100%|██████████| 1/1 [00:00<00:00, 11.50it/s]
2025-10-15 07:54:07 - app - INFO - Created temporary file: [REDACTED] (purpose: asr_segment)

Transcribing:   0%|          | 0/1 [00:00<?, ?it/s]
Transcribing: 100%|██████████| 1/1 [00:00<00:00, 14.18it/s]
2025-10-15 07:54:07 - app - INFO - Created temporary file: [REDACTED] (purpose: asr_segment)

Transcribing:   0%|          | 0/1 [00:00<?, ?it/s]
Transcribing: 100%|██████████| 1/1 [00:00<00:00, 15.92it/s]
2025-10-15 07:54:07 - app - INFO - Created temporary file: [REDACTED] (purpose: asr_segment)

Transcribing:   0%|          | 0/1 [00:00<?, ?it/s]
Transcribing: 100%|██████████| 1/1 [00:00<00:00, 21.07it/s]
2025-10-15 07:54:07 - app - INFO - Created temporary file: [REDACTED] (purpose: asr_segment)

Transcribing:   0%|          | 0/1 [00:00<?, ?it/s]
Transcribing: 100%|██████████| 1/1 [00:00<00:00,  9.00it/s]
Transcribing: 100%|██████████| 1/1 [00:00<00:00,  8.96it/s]
2025-10-15 07:54:07 - app - INFO - Created temporary file: [REDACTED] (purpose: asr_segment)

Transcribing:   0%|          | 0/1 [00:00<?, ?it/s]
Transcribing: 100%|██████████| 1/1 [00:00<00:00, 10.84it/s]
2025-10-15 07:54:07 - app - INFO - Created temporary file: [REDACTED] (purpose: asr_segment)

Transcribing:   0%|          | 0/1 [00:00<?, ?it/s]
Transcribing: 100%|██████████| 1/1 [00:00<00:00, 15.42it/s]
2025-10-15 07:54:07 - app - INFO - Created temporary file: [REDACTED] (purpose: asr_segment)

Transcribing:   0%|          | 0/1 [00:00<?, ?it/s]
Transcribing: 100%|██████████| 1/1 [00:00<00:00,  8.01it/s]
Transcribing: 100%|██████████| 1/1 [00:00<00:00,  7.98it/s]
2025-10-15 07:54:08 - app - INFO - Created temporary file: [REDACTED] (purpose: asr_segment)

Transcribing:   0%|          | 0/1 [00:00<?, ?it/s]
Transcribing: 100%|██████████| 1/1 [00:00<00:00, 13.26it/s]
2025-10-15 07:54:08 - app - INFO - Created temporary file: [REDACTED] (purpose: asr_segment)

Transcribing:   0%|          | 0/1 [00:00<?, ?it/s]
Transcribing: 100%|██████████| 1/1 [00:00<00:00, 16.58it/s]
2025-10-15 07:54:08 - app - INFO - Created temporary file: [REDACTED] (purpose: asr_segment)

Transcribing:   0%|          | 0/1 [00:00<?, ?it/s]
Transcribing: 100%|██████████| 1/1 [00:00<00:00, 15.53it/s]
2025-10-15 07:54:08 - app - INFO - Created temporary file: [REDACTED] (purpose: asr_segment)

Transcribing:   0%|          | 0/1 [00:00<?, ?it/s]
Transcribing: 100%|██████████| 1/1 [00:00<00:00, 11.16it/s]
2025-10-15 07:54:08 - app - INFO - Created temporary file: [REDACTED] (purpose: asr_segment)

Transcribing:   0%|          | 0/1 [00:00<?, ?it/s]
Transcribing: 100%|██████████| 1/1 [00:00<00:00, 19.73it/s]
2025-10-15 07:54:08 - app - INFO - Created temporary file: [REDACTED] (purpose: asr_segment)

Transcribing:   0%|          | 0/1 [00:00<?, ?it/s]
Transcribing: 100%|██████████| 1/1 [00:00<00:00, 21.09it/s]
2025-10-15 07:54:08 - app - INFO - Created temporary file: [REDACTED] (purpose: asr_segment)

Transcribing:   0%|          | 0/1 [00:00<?, ?it/s]
Transcribing: 100%|██████████| 1/1 [00:00<00:00,  7.05it/s]
Transcribing: 100%|██████████| 1/1 [00:00<00:00,  7.03it/s]
2025-10-15 07:54:08 - app - INFO - Created temporary file: [REDACTED] (purpose: asr_segment)

Transcribing:   0%|          | 0/1 [00:00<?, ?it/s]
Transcribing: 100%|██████████| 1/1 [00:00<00:00,  9.86it/s]
Transcribing: 100%|██████████| 1/1 [00:00<00:00,  9.83it/s]
2025-10-15 07:54:08 - app - INFO - Created temporary file: [REDACTED] (purpose: asr_segment)

Transcribing:   0%|          | 0/1 [00:00<?, ?it/s]
Transcribing: 100%|██████████| 1/1 [00:00<00:00, 18.71it/s]
2025-10-15 07:54:08 - app - INFO - Created temporary file: [REDACTED] (purpose: asr_segment)

Transcribing:   0%|          | 0/1 [00:00<?, ?it/s]
Transcribing: 100%|██████████| 1/1 [00:00<00:00,  5.72it/s]
Transcribing: 100%|██████████| 1/1 [00:00<00:00,  5.71it/s]
2025-10-15 07:54:09 - app - INFO - Created temporary file: [REDACTED] (purpose: asr_segment)

Transcribing:   0%|          | 0/1 [00:00<?, ?it/s]
Transcribing: 100%|██████████| 1/1 [00:00<00:00, 11.90it/s]
2025-10-15 07:54:09 - app - INFO - Created temporary file: [REDACTED] (purpose: asr_segment)

Transcribing:   0%|          | 0/1 [00:00<?, ?it/s]
Transcribing: 100%|██████████| 1/1 [00:00<00:00, 24.01it/s]
2025-10-15 07:54:09 - app - INFO - Created temporary file: [REDACTED] (purpose: asr_segment)

Transcribing:   0%|          | 0/1 [00:00<?, ?it/s]
Transcribing: 100%|██████████| 1/1 [00:00<00:00, 16.88it/s]
2025-10-15 07:54:09 - app - INFO - Created temporary file: [REDACTED] (purpose: asr_segment)

Transcribing:   0%|          | 0/1 [00:00<?, ?it/s]
Transcribing: 100%|██████████| 1/1 [00:00<00:00,  9.05it/s]
Transcribing: 100%|██████████| 1/1 [00:00<00:00,  9.00it/s]
2025-10-15 07:54:09 - app - INFO - Created temporary file: [REDACTED] (purpose: asr_segment)

Transcribing:   0%|          | 0/1 [00:00<?, ?it/s]
Transcribing: 100%|██████████| 1/1 [00:00<00:00, 13.04it/s]
2025-10-15 07:54:09 - app - INFO - Created temporary file: [REDACTED] (purpose: asr_segment)

Transcribing:   0%|          | 0/1 [00:00<?, ?it/s]
Transcribing: 100%|██████████| 1/1 [00:00<00:00, 22.71it/s]
2025-10-15 07:54:09 - app - INFO - Created temporary file: [REDACTED] (purpose: asr_segment)

Transcribing:   0%|          | 0/1 [00:00<?, ?it/s]
Transcribing: 100%|██████████| 1/1 [00:00<00:00,  7.68it/s]
Transcribing: 100%|██████████| 1/1 [00:00<00:00,  7.65it/s]
2025-10-15 07:54:09 - app - INFO - Created temporary file: [REDACTED] (purpose: asr_segment)

Transcribing:   0%|          | 0/1 [00:00<?, ?it/s]
Transcribing: 100%|██████████| 1/1 [00:00<00:00, 15.43it/s]
2025-10-15 07:54:09 - app - INFO - Created temporary file: [REDACTED] (purpose: asr_segment)

Transcribing:   0%|          | 0/1 [00:00<?, ?it/s]
Transcribing: 100%|██████████| 1/1 [00:00<00:00, 14.17it/s]
2025-10-15 07:54:09 - app - INFO - Created temporary file: [REDACTED] (purpose: asr_segment)

Transcribing:   0%|          | 0/1 [00:00<?, ?it/s]
Transcribing: 100%|██████████| 1/1 [00:00<00:00, 18.52it/s]
2025-10-15 07:54:10 - app - INFO - Created temporary file: [REDACTED] (purpose: asr_segment)

Transcribing:   0%|          | 0/1 [00:00<?, ?it/s]
Transcribing: 100%|██████████| 1/1 [00:00<00:00, 19.79it/s]
2025-10-15 07:54:10 - app - INFO - Created temporary file: [REDACTED] (purpose: asr_segment)

Transcribing:   0%|          | 0/1 [00:00<?, ?it/s]
Transcribing: 100%|██████████| 1/1 [00:00<00:00, 13.79it/s]
2025-10-15 07:54:10 - app - INFO - Created temporary file: [REDACTED] (purpose: asr_segment)

Transcribing:   0%|          | 0/1 [00:00<?, ?it/s]
Transcribing: 100%|██████████| 1/1 [00:00<00:00,  8.94it/s]
Transcribing: 100%|██████████| 1/1 [00:00<00:00,  8.90it/s]
2025-10-15 07:54:10 - app - INFO - Created temporary file: [REDACTED] (purpose: asr_segment)

Transcribing:   0%|          | 0/1 [00:00<?, ?it/s]
Transcribing: 100%|██████████| 1/1 [00:00<00:00, 10.44it/s]
2025-10-15 07:54:10 - app - INFO - Created temporary file: [REDACTED] (purpose: asr_segment)

Transcribing:   0%|          | 0/1 [00:00<?, ?it/s]
Transcribing: 100%|██████████| 1/1 [00:00<00:00, 17.74it/s]
2025-10-15 07:54:10 - app - INFO - Created temporary file: [REDACTED] (purpose: asr_segment)

Transcribing:   0%|          | 0/1 [00:00<?, ?it/s]
Transcribing: 100%|██████████| 1/1 [00:00<00:00, 14.22it/s]
2025-10-15 07:54:10 - app - INFO - Created temporary file: [REDACTED] (purpose: asr_segment)

Transcribing:   0%|          | 0/1 [00:00<?, ?it/s]
Transcribing: 100%|██████████| 1/1 [00:00<00:00, 17.66it/s]
2025-10-15 07:54:10 - app - INFO - Created temporary file: [REDACTED] (purpose: asr_segment)

Transcribing:   0%|          | 0/1 [00:00<?, ?it/s]
Transcribing: 100%|██████████| 1/1 [00:00<00:00, 13.37it/s]
2025-10-15 07:54:10 - app - INFO - Created temporary file: [REDACTED] (purpose: asr_segment)

Transcribing:   0%|          | 0/1 [00:00<?, ?it/s]
Transcribing: 100%|██████████| 1/1 [00:00<00:00, 14.26it/s]
2025-10-15 07:54:10 - app - INFO - Created temporary file: [REDACTED] (purpose: asr_segment)

Transcribing:   0%|          | 0/1 [00:00<?, ?it/s]
Transcribing: 100%|██████████| 1/1 [00:00<00:00, 12.01it/s]
2025-10-15 07:54:10 - app - INFO - Created temporary file: [REDACTED] (purpose: asr_segment)

Transcribing:   0%|          | 0/1 [00:00<?, ?it/s]
Transcribing: 100%|██████████| 1/1 [00:00<00:00, 18.12it/s]
2025-10-15 07:54:11 - app - INFO - Created temporary file: [REDACTED] (purpose: asr_segment)

Transcribing:   0%|          | 0/1 [00:00<?, ?it/s]
Transcribing: 100%|██████████| 1/1 [00:00<00:00, 17.25it/s]
2025-10-15 07:54:11 - app - INFO - Created temporary file: [REDACTED] (purpose: asr_segment)

Transcribing:   0%|          | 0/1 [00:00<?, ?it/s]
Transcribing: 100%|██████████| 1/1 [00:00<00:00, 17.21it/s]
2025-10-15 07:54:11 - app - INFO - Created temporary file: [REDACTED] (purpose: asr_segment)

Transcribing:   0%|          | 0/1 [00:00<?, ?it/s]
Transcribing: 100%|██████████| 1/1 [00:00<00:00, 15.42it/s]
2025-10-15 07:54:11 - app - INFO - Created temporary file: [REDACTED] (purpose: asr_segment)

Transcribing:   0%|          | 0/1 [00:00<?, ?it/s]
Transcribing: 100%|██████████| 1/1 [00:00<00:00, 11.30it/s]
2025-10-15 07:54:11 - app - INFO - Created temporary file: [REDACTED] (purpose: asr_segment)

Transcribing:   0%|          | 0/1 [00:00<?, ?it/s]
Transcribing: 100%|██████████| 1/1 [00:00<00:00, 10.27it/s]
2025-10-15 07:54:11 - app - INFO - Created temporary file: [REDACTED] (purpose: asr_segment)

Transcribing:   0%|          | 0/1 [00:00<?, ?it/s]
Transcribing: 100%|██████████| 1/1 [00:00<00:00, 21.81it/s]
2025-10-15 07:54:11 - app - INFO - Created temporary file: [REDACTED] (purpose: asr_segment)

Transcribing:   0%|          | 0/1 [00:00<?, ?it/s]
Transcribing: 100%|██████████| 1/1 [00:00<00:00, 16.93it/s]
2025-10-15 07:54:11 - app - INFO - Created temporary file: [REDACTED] (purpose: asr_segment)

Transcribing:   0%|          | 0/1 [00:00<?, ?it/s]
Transcribing: 100%|██████████| 1/1 [00:00<00:00, 20.62it/s]
2025-10-15 07:54:11 - app - INFO - Created temporary file: [REDACTED] (purpose: asr_segment)

Transcribing:   0%|          | 0/1 [00:00<?, ?it/s]
Transcribing: 100%|██████████| 1/1 [00:00<00:00,  2.97it/s]
Transcribing: 100%|██████████| 1/1 [00:00<00:00,  2.97it/s]
2025-10-15 07:54:12 - app - INFO - Created temporary file: [REDACTED] (purpose: asr_segment)

Transcribing:   0%|          | 0/1 [00:00<?, ?it/s]
Transcribing: 100%|██████████| 1/1 [00:00<00:00,  9.82it/s]
Transcribing: 100%|██████████| 1/1 [00:00<00:00,  9.78it/s]
2025-10-15 07:54:12 - app - INFO - Created temporary file: [REDACTED] (purpose: asr_segment)

Transcribing:   0%|          | 0/1 [00:00<?, ?it/s]
Transcribing: 100%|██████████| 1/1 [00:00<00:00,  9.75it/s]
Transcribing: 100%|██████████| 1/1 [00:00<00:00,  9.70it/s]
2025-10-15 07:54:12 - app - INFO - Created temporary file: [REDACTED] (purpose: asr_segment)

Transcribing:   0%|          | 0/1 [00:00<?, ?it/s]
Transcribing: 100%|██████████| 1/1 [00:00<00:00, 21.16it/s]
2025-10-15 07:54:12 - app - INFO - Created temporary file: [REDACTED] (purpose: asr_segment)

Transcribing:   0%|          | 0/1 [00:00<?, ?it/s]
Transcribing: 100%|██████████| 1/1 [00:00<00:00, 21.88it/s]
2025-10-15 07:54:12 - app - INFO - Created temporary file: [REDACTED] (purpose: asr_segment)

Transcribing:   0%|          | 0/1 [00:00<?, ?it/s]
Transcribing: 100%|██████████| 1/1 [00:00<00:00, 10.26it/s]
2025-10-15 07:54:12 - app - INFO - Created temporary file: [REDACTED] (purpose: asr_segment)

Transcribing:   0%|          | 0/1 [00:00<?, ?it/s]
Transcribing: 100%|██████████| 1/1 [00:00<00:00,  4.88it/s]
Transcribing: 100%|██████████| 1/1 [00:00<00:00,  4.87it/s]
2025-10-15 07:54:12 - app - INFO - Created temporary file: [REDACTED] (purpose: asr_segment)

Transcribing:   0%|          | 0/1 [00:00<?, ?it/s]
Transcribing: 100%|██████████| 1/1 [00:00<00:00,  2.82it/s]
Transcribing: 100%|██████████| 1/1 [00:00<00:00,  2.82it/s]
2025-10-15 07:54:13 - app - INFO - Created temporary file: [REDACTED] (purpose: asr_segment)

Transcribing:   0%|          | 0/1 [00:00<?, ?it/s]
Transcribing: 100%|██████████| 1/1 [00:00<00:00,  4.15it/s]
Transcribing: 100%|██████████| 1/1 [00:00<00:00,  4.14it/s]
2025-10-15 07:54:13 - app - INFO - Created temporary file: [REDACTED] (purpose: asr_segment)

Transcribing:   0%|          | 0/1 [00:00<?, ?it/s]
Transcribing: 100%|██████████| 1/1 [00:00<00:00, 12.85it/s]
2025-10-15 07:54:13 - worker - INFO - Merged 132 segments into 110 diarization-controlled segments
2025-10-15 07:54:14 - app - INFO - Starting cleanup of 133 files and 0 directories
2025-10-15 07:54:14 - app - INFO - Successfully deleted file: [REDACTED] (purpose: audio_conversion, size: 0 bytes, access_count: 0)
2025-10-15 07:54:14 - app - INFO - Successfully deleted file: [REDACTED] (purpose: asr_segment, size: 0 bytes, access_count: 0)
2025-10-15 07:54:14 - app - INFO - Successfully deleted file: [REDACTED] (purpose: asr_segment, size: 0 bytes, access_count: 0)
2025-10-15 07:54:14 - app - INFO - Successfully deleted file: [REDACTED] (purpose: asr_segment, size: 0 bytes, access_count: 0)
2025-10-15 07:54:14 - app - INFO - Successfully deleted file: [REDACTED] (purpose: asr_segment, size: 0 bytes, access_count: 0)
2025-10-15 07:54:14 - app - INFO - Successfully deleted file: [REDACTED] (purpose: asr_segment, size: 0 bytes, access_count: 0)
2025-10-15 07:54:14 - app - INFO - Successfully deleted file: [REDACTED] (purpose: asr_segment, size: 0 bytes, access_count: 0)
2025-10-15 07:54:14 - app - INFO - Successfully deleted file: [REDACTED] (purpose: asr_segment, size: 0 bytes, access_count: 0)
2025-10-15 07:54:14 - app - INFO - Successfully deleted file: [REDACTED] (purpose: asr_segment, size: 0 bytes, access_count: 0)
2025-10-15 07:54:14 - app - INFO - Successfully deleted file: [REDACTED] (purpose: asr_segment, size: 0 bytes, access_count: 0)
2025-10-15 07:54:14 - app - INFO - Successfully deleted file: [REDACTED] (purpose: asr_segment, size: 0 bytes, access_count: 0)
2025-10-15 07:54:14 - app - INFO - Successfully deleted file: [REDACTED] (purpose: asr_segment, size: 0 bytes, access_count: 0)
2025-10-15 07:54:14 - app - INFO - Successfully deleted file: [REDACTED] (purpose: asr_segment, size: 0 bytes, access_count: 0)
2025-10-15 07:54:14 - app - INFO - Successfully deleted file: [REDACTED] (purpose: asr_segment, size: 0 bytes, access_count: 0)
2025-10-15 07:54:14 - app - INFO - Successfully deleted file: [REDACTED] (purpose: asr_segment, size: 0 bytes, access_count: 0)
2025-10-15 07:54:14 - app - INFO - Successfully deleted file: [REDACTED] (purpose: asr_segment, size: 0 bytes, access_count: 0)
2025-10-15 07:54:14 - app - INFO - Successfully deleted file: [REDACTED] (purpose: asr_segment, size: 0 bytes, access_count: 0)
2025-10-15 07:54:14 - app - INFO - Successfully deleted file: [REDACTED] (purpose: asr_segment, size: 0 bytes, access_count: 0)
2025-10-15 07:54:14 - app - INFO - Successfully deleted file: [REDACTED] (purpose: asr_segment, size: 0 bytes, access_count: 0)
2025-10-15 07:54:14 - app - INFO - Successfully deleted file: [REDACTED] (purpose: asr_segment, size: 0 bytes, access_count: 0)
2025-10-15 07:54:14 - app - INFO - Successfully deleted file: [REDACTED] (purpose: asr_segment, size: 0 bytes, access_count: 0)
2025-10-15 07:54:14 - app - INFO - Successfully deleted file: [REDACTED] (purpose: asr_segment, size: 0 bytes, access_count: 0)
2025-10-15 07:54:14 - app - INFO - Successfully deleted file: [REDACTED] (purpose: asr_segment, size: 0 bytes, access_count: 0)
2025-10-15 07:54:14 - app - INFO - Successfully deleted file: [REDACTED] (purpose: asr_segment, size: 0 bytes, access_count: 0)
2025-10-15 07:54:14 - app - INFO - Successfully deleted file: [REDACTED] (purpose: asr_segment, size: 0 bytes, access_count: 0)
2025-10-15 07:54:14 - app - INFO - Successfully deleted file: [REDACTED] (purpose: asr_segment, size: 0 bytes, access_count: 0)
2025-10-15 07:54:14 - app - INFO - Successfully deleted file: [REDACTED] (purpose: asr_segment, size: 0 bytes, access_count: 0)
2025-10-15 07:54:14 - app - INFO - Successfully deleted file: [REDACTED] (purpose: asr_segment, size: 0 bytes, access_count: 0)
2025-10-15 07:54:14 - app - INFO - Successfully deleted file: [REDACTED] (purpose: asr_segment, size: 0 bytes, access_count: 0)
2025-10-15 07:54:14 - app - INFO - Successfully deleted file: [REDACTED] (purpose: asr_segment, size: 0 bytes, access_count: 0)
2025-10-15 07:54:14 - app - INFO - Successfully deleted file: [REDACTED] (purpose: asr_segment, size: 0 bytes, access_count: 0)
2025-10-15 07:54:14 - app - INFO - Successfully deleted file: [REDACTED] (purpose: asr_segment, size: 0 bytes, access_count: 0)
2025-10-15 07:54:14 - app - INFO - Successfully deleted file: [REDACTED] (purpose: asr_segment, size: 0 bytes, access_count: 0)
2025-10-15 07:54:14 - app - INFO - Successfully deleted file: [REDACTED] (purpose: asr_segment, size: 0 bytes, access_count: 0)
2025-10-15 07:54:14 - app - INFO - Successfully deleted file: [REDACTED] (purpose: asr_segment, size: 0 bytes, access_count: 0)
2025-10-15 07:54:14 - app - INFO - Successfully deleted file: [REDACTED] (purpose: asr_segment, size: 0 bytes, access_count: 0)
2025-10-15 07:54:14 - app - INFO - Successfully deleted file: [REDACTED] (purpose: asr_segment, size: 0 bytes, access_count: 0)
2025-10-15 07:54:14 - app - INFO - Successfully deleted file: [REDACTED] (purpose: asr_segment, size: 0 bytes, access_count: 0)
2025-10-15 07:54:14 - app - INFO - Successfully deleted file: [REDACTED] (purpose: asr_segment, size: 0 bytes, access_count: 0)
2025-10-15 07:54:14 - app - INFO - Successfully deleted file: [REDACTED] (purpose: asr_segment, size: 0 bytes, access_count: 0)
2025-10-15 07:54:14 - app - INFO - Successfully deleted file: [REDACTED] (purpose: asr_segment, size: 0 bytes, access_count: 0)
2025-10-15 07:54:14 - app - INFO - Successfully deleted file: [REDACTED] (purpose: asr_segment, size: 0 bytes, access_count: 0)
2025-10-15 07:54:14 - app - INFO - Successfully deleted file: [REDACTED] (purpose: asr_segment, size: 0 bytes, access_count: 0)
2025-10-15 07:54:14 - app - INFO - Successfully deleted file: [REDACTED] (purpose: asr_segment, size: 0 bytes, access_count: 0)
2025-10-15 07:54:14 - app - INFO - Successfully deleted file: [REDACTED] (purpose: asr_segment, size: 0 bytes, access_count: 0)
2025-10-15 07:54:14 - app - INFO - Successfully deleted file: [REDACTED] (purpose: asr_segment, size: 0 bytes, access_count: 0)
2025-10-15 07:54:14 - app - INFO - Successfully deleted file: [REDACTED] (purpose: asr_segment, size: 0 bytes, access_count: 0)
2025-10-15 07:54:14 - app - INFO - Successfully deleted file: [REDACTED] (purpose: asr_segment, size: 0 bytes, access_count: 0)
2025-10-15 07:54:14 - app - INFO - Successfully deleted file: [REDACTED] (purpose: asr_segment, size: 0 bytes, access_count: 0)
2025-10-15 07:54:14 - app - INFO - Successfully deleted file: [REDACTED] (purpose: asr_segment, size: 0 bytes, access_count: 0)
2025-10-15 07:54:14 - app - INFO - Successfully deleted file: [REDACTED] (purpose: asr_segment, size: 0 bytes, access_count: 0)
2025-10-15 07:54:14 - app - INFO - Successfully deleted file: [REDACTED] (purpose: asr_segment, size: 0 bytes, access_count: 0)
2025-10-15 07:54:14 - app - INFO - Successfully deleted file: [REDACTED] (purpose: asr_segment, size: 0 bytes, access_count: 0)
2025-10-15 07:54:14 - app - INFO - Successfully deleted file: [REDACTED] (purpose: asr_segment, size: 0 bytes, access_count: 0)
2025-10-15 07:54:14 - app - INFO - Successfully deleted file: [REDACTED] (purpose: asr_segment, size: 0 bytes, access_count: 0)
2025-10-15 07:54:14 - app - INFO - Successfully deleted file: [REDACTED] (purpose: asr_segment, size: 0 bytes, access_count: 0)
2025-10-15 07:54:14 - app - INFO - Successfully deleted file: [REDACTED] (purpose: asr_segment, size: 0 bytes, access_count: 0)
2025-10-15 07:54:14 - app - INFO - Successfully deleted file: [REDACTED] (purpose: asr_segment, size: 0 bytes, access_count: 0)
2025-10-15 07:54:14 - app - INFO - Successfully deleted file: [REDACTED] (purpose: asr_segment, size: 0 bytes, access_count: 0)
2025-10-15 07:54:14 - app - INFO - Successfully deleted file: [REDACTED] (purpose: asr_segment, size: 0 bytes, access_count: 0)
2025-10-15 07:54:14 - app - INFO - Successfully deleted file: [REDACTED] (purpose: asr_segment, size: 0 bytes, access_count: 0)
2025-10-15 07:54:14 - app - INFO - Successfully deleted file: [REDACTED] (purpose: asr_segment, size: 0 bytes, access_count: 0)
2025-10-15 07:54:14 - app - INFO - Successfully deleted file: [REDACTED] (purpose: asr_segment, size: 0 bytes, access_count: 0)
2025-10-15 07:54:14 - app - INFO - Successfully deleted file: [REDACTED] (purpose: asr_segment, size: 0 bytes, access_count: 0)
2025-10-15 07:54:14 - app - INFO - Successfully deleted file: [REDACTED] (purpose: asr_segment, size: 0 bytes, access_count: 0)
2025-10-15 07:54:14 - app - INFO - Successfully deleted file: [REDACTED] (purpose: asr_segment, size: 0 bytes, access_count: 0)
2025-10-15 07:54:14 - app - INFO - Successfully deleted file: [REDACTED] (purpose: asr_segment, size: 0 bytes, access_count: 0)
2025-10-15 07:54:14 - app - INFO - Successfully deleted file: [REDACTED] (purpose: asr_segment, size: 0 bytes, access_count: 0)
2025-10-15 07:54:14 - app - INFO - Successfully deleted file: [REDACTED] (purpose: asr_segment, size: 0 bytes, access_count: 0)
2025-10-15 07:54:14 - app - INFO - Successfully deleted file: [REDACTED] (purpose: asr_segment, size: 0 bytes, access_count: 0)
2025-10-15 07:54:14 - app - INFO - Successfully deleted file: [REDACTED] (purpose: asr_segment, size: 0 bytes, access_count: 0)
2025-10-15 07:54:14 - app - INFO - Successfully deleted file: [REDACTED] (purpose: asr_segment, size: 0 bytes, access_count: 0)
2025-10-15 07:54:14 - app - INFO - Successfully deleted file: [REDACTED] (purpose: asr_segment, size: 0 bytes, access_count: 0)
2025-10-15 07:54:14 - app - INFO - Successfully deleted file: [REDACTED] (purpose: asr_segment, size: 0 bytes, access_count: 0)
2025-10-15 07:54:14 - app - INFO - Successfully deleted file: [REDACTED] (purpose: asr_segment, size: 0 bytes, access_count: 0)
2025-10-15 07:54:14 - app - INFO - Successfully deleted file: [REDACTED] (purpose: asr_segment, size: 0 bytes, access_count: 0)
2025-10-15 07:54:14 - app - INFO - Successfully deleted file: [REDACTED] (purpose: asr_segment, size: 0 bytes, access_count: 0)
2025-10-15 07:54:14 - app - INFO - Successfully deleted file: [REDACTED] (purpose: asr_segment, size: 0 bytes, access_count: 0)
2025-10-15 07:54:14 - app - INFO - Successfully deleted file: [REDACTED] (purpose: asr_segment, size: 0 bytes, access_count: 0)
2025-10-15 07:54:14 - app - INFO - Successfully deleted file: [REDACTED] (purpose: asr_segment, size: 0 bytes, access_count: 0)
2025-10-15 07:54:14 - app - INFO - Successfully deleted file: [REDACTED] (purpose: asr_segment, size: 0 bytes, access_count: 0)
2025-10-15 07:54:14 - app - INFO - Successfully deleted file: [REDACTED] (purpose: asr_segment, size: 0 bytes, access_count: 0)
2025-10-15 07:54:14 - app - INFO - Successfully deleted file: [REDACTED] (purpose: asr_segment, size: 0 bytes, access_count: 0)
2025-10-15 07:54:14 - app - INFO - Successfully deleted file: [REDACTED] (purpose: asr_segment, size: 0 bytes, access_count: 0)
2025-10-15 07:54:14 - app - INFO - Successfully deleted file: [REDACTED] (purpose: asr_segment, size: 0 bytes, access_count: 0)
2025-10-15 07:54:14 - app - INFO - Successfully deleted file: [REDACTED] (purpose: asr_segment, size: 0 bytes, access_count: 0)
2025-10-15 07:54:14 - app - INFO - Successfully deleted file: [REDACTED] (purpose: asr_segment, size: 0 bytes, access_count: 0)
2025-10-15 07:54:14 - app - INFO - Successfully deleted file: [REDACTED] (purpose: asr_segment, size: 0 bytes, access_count: 0)
2025-10-15 07:54:14 - app - INFO - Successfully deleted file: [REDACTED] (purpose: asr_segment, size: 0 bytes, access_count: 0)
2025-10-15 07:54:14 - app - INFO - Successfully deleted file: [REDACTED] (purpose: asr_segment, size: 0 bytes, access_count: 0)
2025-10-15 07:54:14 - app - INFO - Successfully deleted file: [REDACTED] (purpose: asr_segment, size: 0 bytes, access_count: 0)
2025-10-15 07:54:14 - app - INFO - Successfully deleted file: [REDACTED] (purpose: asr_segment, size: 0 bytes, access_count: 0)
2025-10-15 07:54:14 - app - INFO - Successfully deleted file: [REDACTED] (purpose: asr_segment, size: 0 bytes, access_count: 0)
2025-10-15 07:54:14 - app - INFO - Successfully deleted file: [REDACTED] (purpose: asr_segment, size: 0 bytes, access_count: 0)
2025-10-15 07:54:14 - app - INFO - Successfully deleted file: [REDACTED] (purpose: asr_segment, size: 0 bytes, access_count: 0)
2025-10-15 07:54:14 - app - INFO - Successfully deleted file: [REDACTED] (purpose: asr_segment, size: 0 bytes, access_count: 0)
2025-10-15 07:54:14 - app - INFO - Successfully deleted file: [REDACTED] (purpose: asr_segment, size: 0 bytes, access_count: 0)
2025-10-15 07:54:14 - app - INFO - Successfully deleted file: [REDACTED] (purpose: asr_segment, size: 0 bytes, access_count: 0)
2025-10-15 07:54:14 - app - INFO - Successfully deleted file: [REDACTED] (purpose: asr_segment, size: 0 bytes, access_count: 0)
2025-10-15 07:54:14 - app - INFO - Successfully deleted file: [REDACTED] (purpose: asr_segment, size: 0 bytes, access_count: 0)
2025-10-15 07:54:14 - app - INFO - Successfully deleted file: [REDACTED] (purpose: asr_segment, size: 0 bytes, access_count: 0)
2025-10-15 07:54:14 - app - INFO - Successfully deleted file: [REDACTED] (purpose: asr_segment, size: 0 bytes, access_count: 0)
2025-10-15 07:54:14 - app - INFO - Successfully deleted file: [REDACTED] (purpose: asr_segment, size: 0 bytes, access_count: 0)
2025-10-15 07:54:14 - app - INFO - Successfully deleted file: [REDACTED] (purpose: asr_segment, size: 0 bytes, access_count: 0)
2025-10-15 07:54:14 - app - INFO - Successfully deleted file: [REDACTED] (purpose: asr_segment, size: 0 bytes, access_count: 0)
2025-10-15 07:54:14 - app - INFO - Successfully deleted file: [REDACTED] (purpose: asr_segment, size: 0 bytes, access_count: 0)
2025-10-15 07:54:14 - app - INFO - Successfully deleted file: [REDACTED] (purpose: asr_segment, size: 0 bytes, access_count: 0)
2025-10-15 07:54:14 - app - INFO - Successfully deleted file: [REDACTED] (purpose: asr_segment, size: 0 bytes, access_count: 0)
2025-10-15 07:54:14 - app - INFO - Successfully deleted file: [REDACTED] (purpose: asr_segment, size: 0 bytes, access_count: 0)
2025-10-15 07:54:14 - app - INFO - Successfully deleted file: [REDACTED] (purpose: asr_segment, size: 0 bytes, access_count: 0)
2025-10-15 07:54:14 - app - INFO - Successfully deleted file: [REDACTED] (purpose: asr_segment, size: 0 bytes, access_count: 0)
2025-10-15 07:54:14 - app - INFO - Successfully deleted file: [REDACTED] (purpose: asr_segment, size: 0 bytes, access_count: 0)
2025-10-15 07:54:14 - app - INFO - Successfully deleted file: [REDACTED] (purpose: asr_segment, size: 0 bytes, access_count: 0)
2025-10-15 07:54:14 - app - INFO - Successfully deleted file: [REDACTED] (purpose: asr_segment, size: 0 bytes, access_count: 0)
2025-10-15 07:54:14 - app - INFO - Successfully deleted file: [REDACTED] (purpose: asr_segment, size: 0 bytes, access_count: 0)
2025-10-15 07:54:14 - app - INFO - Successfully deleted file: [REDACTED] (purpose: asr_segment, size: 0 bytes, access_count: 0)
2025-10-15 07:54:14 - app - INFO - Successfully deleted file: [REDACTED] (purpose: asr_segment, size: 0 bytes, access_count: 0)
2025-10-15 07:54:14 - app - INFO - Successfully deleted file: [REDACTED] (purpose: asr_segment, size: 0 bytes, access_count: 0)
2025-10-15 07:54:14 - app - INFO - Successfully deleted file: [REDACTED] (purpose: asr_segment, size: 0 bytes, access_count: 0)
2025-10-15 07:54:14 - app - INFO - Successfully deleted file: [REDACTED] (purpose: asr_segment, size: 0 bytes, access_count: 0)
2025-10-15 07:54:14 - app - INFO - Successfully deleted file: [REDACTED] (purpose: asr_segment, size: 0 bytes, access_count: 0)
2025-10-15 07:54:14 - app - INFO - Successfully deleted file: [REDACTED] (purpose: asr_segment, size: 0 bytes, access_count: 0)
2025-10-15 07:54:14 - app - INFO - Successfully deleted file: [REDACTED] (purpose: asr_segment, size: 0 bytes, access_count: 0)
2025-10-15 07:54:14 - app - INFO - Successfully deleted file: [REDACTED] (purpose: asr_segment, size: 0 bytes, access_count: 0)
2025-10-15 07:54:14 - app - INFO - Successfully deleted file: [REDACTED] (purpose: asr_segment, size: 0 bytes, access_count: 0)
2025-10-15 07:54:14 - app - INFO - Successfully deleted file: [REDACTED] (purpose: asr_segment, size: 0 bytes, access_count: 0)
2025-10-15 07:54:14 - app - INFO - Successfully deleted file: [REDACTED] (purpose: asr_segment, size: 0 bytes, access_count: 0)
2025-10-15 07:54:14 - app - INFO - Successfully deleted file: [REDACTED] (purpose: asr_segment, size: 0 bytes, access_count: 0)
2025-10-15 07:54:14 - app - INFO - Successfully deleted file: [REDACTED] (purpose: asr_segment, size: 0 bytes, access_count: 0)
2025-10-15 07:54:14 - app - INFO - Successfully deleted file: [REDACTED] (purpose: asr_segment, size: 0 bytes, access_count: 0)
2025-10-15 07:54:14 - app - INFO - Successfully deleted file: [REDACTED] (purpose: asr_segment, size: 0 bytes, access_count: 0)
2025-10-15 07:54:14 - app - INFO - Successfully deleted file: [REDACTED] (purpose: asr_segment, size: 0 bytes, access_count: 0)
2025-10-15 07:54:14 - app - INFO - Successfully deleted file: [REDACTED] (purpose: asr_segment, size: 0 bytes, access_count: 0)
2025-10-15 07:54:14 - app - INFO - TempFileTracker session ended. Cleanup successful: True
2025-10-15 08:25:55 - app - INFO - Environment validation successful
2025-10-15 08:25:55 - app - INFO - Validated environment variables: ['LOG_LEVEL', 'MAX_FILE_SIZE_MB']
2025-10-15 08:26:07 - app - INFO - TempFileTracker session started
2025-10-15 08:26:09 - app - INFO - Created temporary file: [REDACTED] (purpose: audio_conversion)
2025-10-15 08:26:35 - app - INFO - Created temporary file: [REDACTED] (purpose: asr_segment)
2025-10-15 08:26:35 - app - INFO - Created temporary file: [REDACTED] (purpose: asr_segment)
2025-10-15 08:26:35 - app - INFO - Created temporary file: [REDACTED] (purpose: asr_segment)
2025-10-15 08:26:35 - app - INFO - Created temporary file: [REDACTED] (purpose: asr_segment)
2025-10-15 08:26:35 - app - INFO - Created temporary file: [REDACTED] (purpose: asr_segment)
2025-10-15 08:26:35 - app - INFO - Created temporary file: [REDACTED] (purpose: asr_segment)
2025-10-15 08:26:36 - app - INFO - Created temporary file: [REDACTED] (purpose: asr_segment)
2025-10-15 08:26:36 - app - INFO - Created temporary file: [REDACTED] (purpose: asr_segment)
2025-10-15 08:26:36 - app - INFO - Created temporary file: [REDACTED] (purpose: asr_segment)
2025-10-15 08:26:36 - app - INFO - Created temporary file: [REDACTED] (purpose: asr_segment)
2025-10-15 08:26:36 - app - INFO - Created temporary file: [REDACTED] (purpose: asr_segment)
2025-10-15 08:26:36 - app - INFO - Created temporary file: [REDACTED] (purpose: asr_segment)
2025-10-15 08:26:36 - app - INFO - Created temporary file: [REDACTED] (purpose: asr_segment)
2025-10-15 08:26:36 - app - INFO - Created temporary file: [REDACTED] (purpose: asr_segment)
2025-10-15 08:26:36 - app - INFO - Created temporary file: [REDACTED] (purpose: asr_segment)
2025-10-15 08:26:36 - app - INFO - Created temporary file: [REDACTED] (purpose: asr_segment)
2025-10-15 08:26:36 - app - INFO - Created temporary file: [REDACTED] (purpose: asr_segment)
2025-10-15 08:26:36 - app - INFO - Created temporary file: [REDACTED] (purpose: asr_segment)
2025-10-15 08:26:36 - app - INFO - Created temporary file: [REDACTED] (purpose: asr_segment)
2025-10-15 08:26:37 - app - INFO - Created temporary file: [REDACTED] (purpose: asr_segment)
2025-10-15 08:26:37 - app - INFO - Created temporary file: [REDACTED] (purpose: asr_segment)
2025-10-15 08:26:37 - app - INFO - Created temporary file: [REDACTED] (purpose: asr_segment)
2025-10-15 08:26:37 - app - INFO - Created temporary file: [REDACTED] (purpose: asr_segment)
2025-10-15 08:26:37 - app - INFO - Created temporary file: [REDACTED] (purpose: asr_segment)
2025-10-15 08:26:37 - app - INFO - Created temporary file: [REDACTED] (purpose: asr_segment)
2025-10-15 08:26:37 - app - INFO - Created temporary file: [REDACTED] (purpose: asr_segment)
2025-10-15 08:26:37 - app - INFO - Created temporary file: [REDACTED] (purpose: asr_segment)
2025-10-15 08:26:37 - app - INFO - Created temporary file: [REDACTED] (purpose: asr_segment)
2025-10-15 08:26:37 - app - INFO - Created temporary file: [REDACTED] (purpose: asr_segment)
2025-10-15 08:26:37 - app - INFO - Created temporary file: [REDACTED] (purpose: asr_segment)
2025-10-15 08:26:37 - app - INFO - Created temporary file: [REDACTED] (purpose: asr_segment)
2025-10-15 08:26:37 - app - INFO - Created temporary file: [REDACTED] (purpose: asr_segment)
2025-10-15 08:26:37 - app - INFO - Created temporary file: [REDACTED] (purpose: asr_segment)
2025-10-15 08:26:37 - app - INFO - Created temporary file: [REDACTED] (purpose: asr_segment)
2025-10-15 08:26:38 - app - INFO - Created temporary file: [REDACTED] (purpose: asr_segment)
2025-10-15 08:26:38 - app - INFO - Created temporary file: [REDACTED] (purpose: asr_segment)
2025-10-15 08:26:38 - app - INFO - Created temporary file: [REDACTED] (purpose: asr_segment)
2025-10-15 08:26:38 - app - INFO - Created temporary file: [REDACTED] (purpose: asr_segment)
2025-10-15 08:26:38 - app - INFO - Created temporary file: [REDACTED] (purpose: asr_segment)
2025-10-15 08:26:38 - app - INFO - Created temporary file: [REDACTED] (purpose: asr_segment)
2025-10-15 08:26:38 - app - INFO - Created temporary file: [REDACTED] (purpose: asr_segment)
2025-10-15 08:26:38 - app - INFO - Created temporary file: [REDACTED] (purpose: asr_segment)
2025-10-15 08:26:38 - app - INFO - Created temporary file: [REDACTED] (purpose: asr_segment)
2025-10-15 08:26:38 - app - INFO - Created temporary file: [REDACTED] (purpose: asr_segment)
2025-10-15 08:26:38 - app - INFO - Created temporary file: [REDACTED] (purpose: asr_segment)
2025-10-15 08:26:38 - app - INFO - Created temporary file: [REDACTED] (purpose: asr_segment)
2025-10-15 08:26:38 - app - INFO - Created temporary file: [REDACTED] (purpose: asr_segment)
2025-10-15 08:26:38 - app - INFO - Created temporary file: [REDACTED] (purpose: asr_segment)
2025-10-15 08:26:39 - app - INFO - Created temporary file: [REDACTED] (purpose: asr_segment)
2025-10-15 08:26:39 - app - INFO - Created temporary file: [REDACTED] (purpose: asr_segment)
2025-10-15 08:26:39 - app - INFO - Created temporary file: [REDACTED] (purpose: asr_segment)
2025-10-15 08:26:39 - app - INFO - Created temporary file: [REDACTED] (purpose: asr_segment)
2025-10-15 08:26:39 - app - INFO - Created temporary file: [REDACTED] (purpose: asr_segment)
2025-10-15 08:26:39 - app - INFO - Created temporary file: [REDACTED] (purpose: asr_segment)
2025-10-15 08:26:39 - app - INFO - Created temporary file: [REDACTED] (purpose: asr_segment)
2025-10-15 08:26:39 - app - INFO - Created temporary file: [REDACTED] (purpose: asr_segment)
2025-10-15 08:26:39 - app - INFO - Created temporary file: [REDACTED] (purpose: asr_segment)
2025-10-15 08:26:39 - app - INFO - Created temporary file: [REDACTED] (purpose: asr_segment)
2025-10-15 08:26:39 - app - INFO - Created temporary file: [REDACTED] (purpose: asr_segment)
2025-10-15 08:26:39 - app - INFO - Created temporary file: [REDACTED] (purpose: asr_segment)
2025-10-15 08:26:39 - app - INFO - Created temporary file: [REDACTED] (purpose: asr_segment)
2025-10-15 08:26:40 - app - INFO - Created temporary file: [REDACTED] (purpose: asr_segment)
2025-10-15 08:26:40 - app - INFO - Created temporary file: [REDACTED] (purpose: asr_segment)
2025-10-15 08:26:40 - app - INFO - Created temporary file: [REDACTED] (purpose: asr_segment)
2025-10-15 08:26:40 - app - INFO - Created temporary file: [REDACTED] (purpose: asr_segment)
2025-10-15 08:26:40 - app - INFO - Created temporary file: [REDACTED] (purpose: asr_segment)
2025-10-15 08:26:40 - app - INFO - Created temporary file: [REDACTED] (purpose: asr_segment)
2025-10-15 08:26:40 - app - INFO - Created temporary file: [REDACTED] (purpose: asr_segment)
2025-10-15 08:26:40 - app - INFO - Created temporary file: [REDACTED] (purpose: asr_segment)
2025-10-15 08:26:40 - app - INFO - Created temporary file: [REDACTED] (purpose: asr_segment)
2025-10-15 08:26:40 - app - INFO - Created temporary file: [REDACTED] (purpose: asr_segment)
2025-10-15 08:26:40 - app - INFO - Created temporary file: [REDACTED] (purpose: asr_segment)
2025-10-15 08:26:40 - app - INFO - Created temporary file: [REDACTED] (purpose: asr_segment)
2025-10-15 08:26:40 - app - INFO - Created temporary file: [REDACTED] (purpose: asr_segment)
2025-10-15 08:26:40 - app - INFO - Created temporary file: [REDACTED] (purpose: asr_segment)
2025-10-15 08:26:40 - app - INFO - Created temporary file: [REDACTED] (purpose: asr_segment)
2025-10-15 08:26:41 - app - INFO - Created temporary file: [REDACTED] (purpose: asr_segment)
2025-10-15 08:26:41 - app - INFO - Created temporary file: [REDACTED] (purpose: asr_segment)
2025-10-15 08:26:41 - app - INFO - Created temporary file: [REDACTED] (purpose: asr_segment)
2025-10-15 08:26:41 - app - INFO - Created temporary file: [REDACTED] (purpose: asr_segment)
2025-10-15 08:26:41 - app - INFO - Created temporary file: [REDACTED] (purpose: asr_segment)
2025-10-15 08:26:41 - app - INFO - Created temporary file: [REDACTED] (purpose: asr_segment)
2025-10-15 08:26:41 - app - INFO - Created temporary file: [REDACTED] (purpose: asr_segment)
2025-10-15 08:26:41 - app - INFO - Created temporary file: [REDACTED] (purpose: asr_segment)
2025-10-15 08:26:41 - app - INFO - Created temporary file: [REDACTED] (purpose: asr_segment)
2025-10-15 08:26:41 - app - INFO - Created temporary file: [REDACTED] (purpose: asr_segment)
2025-10-15 08:26:41 - app - INFO - Created temporary file: [REDACTED] (purpose: asr_segment)
2025-10-15 08:26:41 - app - INFO - Created temporary file: [REDACTED] (purpose: asr_segment)
2025-10-15 08:26:41 - app - INFO - Created temporary file: [REDACTED] (purpose: asr_segment)
2025-10-15 08:26:41 - app - INFO - Created temporary file: [REDACTED] (purpose: asr_segment)
2025-10-15 08:26:42 - app - INFO - Created temporary file: [REDACTED] (purpose: asr_segment)
2025-10-15 08:26:42 - app - INFO - Created temporary file: [REDACTED] (purpose: asr_segment)
2025-10-15 08:26:42 - app - INFO - Created temporary file: [REDACTED] (purpose: asr_segment)
2025-10-15 08:26:42 - app - INFO - Created temporary file: [REDACTED] (purpose: asr_segment)
2025-10-15 08:26:42 - app - INFO - Created temporary file: [REDACTED] (purpose: asr_segment)
2025-10-15 08:26:42 - app - INFO - Created temporary file: [REDACTED] (purpose: asr_segment)
2025-10-15 08:26:42 - app - INFO - Created temporary file: [REDACTED] (purpose: asr_segment)
2025-10-15 08:26:42 - app - INFO - Created temporary file: [REDACTED] (purpose: asr_segment)
2025-10-15 08:26:42 - app - INFO - Created temporary file: [REDACTED] (purpose: asr_segment)
2025-10-15 08:26:42 - app - INFO - Created temporary file: [REDACTED] (purpose: asr_segment)
2025-10-15 08:26:42 - app - INFO - Created temporary file: [REDACTED] (purpose: asr_segment)
2025-10-15 08:26:42 - app - INFO - Created temporary file: [REDACTED] (purpose: asr_segment)
2025-10-15 08:26:42 - app - INFO - Created temporary file: [REDACTED] (purpose: asr_segment)
2025-10-15 08:26:42 - app - INFO - Created temporary file: [REDACTED] (purpose: asr_segment)
2025-10-15 08:26:42 - app - INFO - Created temporary file: [REDACTED] (purpose: asr_segment)
2025-10-15 08:26:43 - app - INFO - Created temporary file: [REDACTED] (purpose: asr_segment)
2025-10-15 08:26:43 - app - INFO - Created temporary file: [REDACTED] (purpose: asr_segment)
2025-10-15 08:26:43 - app - INFO - Created temporary file: [REDACTED] (purpose: asr_segment)
2025-10-15 08:26:43 - app - INFO - Created temporary file: [REDACTED] (purpose: asr_segment)
2025-10-15 08:26:43 - app - INFO - Created temporary file: [REDACTED] (purpose: asr_segment)
2025-10-15 08:26:43 - app - INFO - Created temporary file: [REDACTED] (purpose: asr_segment)
2025-10-15 08:26:43 - app - INFO - Created temporary file: [REDACTED] (purpose: asr_segment)
2025-10-15 08:26:43 - app - INFO - Created temporary file: [REDACTED] (purpose: asr_segment)
2025-10-15 08:26:43 - app - INFO - Created temporary file: [REDACTED] (purpose: asr_segment)
2025-10-15 08:26:43 - app - INFO - Created temporary file: [REDACTED] (purpose: asr_segment)
2025-10-15 08:26:43 - app - INFO - Created temporary file: [REDACTED] (purpose: asr_segment)
2025-10-15 08:26:43 - app - INFO - Created temporary file: [REDACTED] (purpose: asr_segment)
2025-10-15 08:26:43 - app - INFO - Created temporary file: [REDACTED] (purpose: asr_segment)
2025-10-15 08:26:43 - app - INFO - Created temporary file: [REDACTED] (purpose: asr_segment)
2025-10-15 08:26:44 - app - INFO - Created temporary file: [REDACTED] (purpose: asr_segment)
2025-10-15 08:26:44 - app - INFO - Created temporary file: [REDACTED] (purpose: asr_segment)
2025-10-15 08:26:44 - app - INFO - Created temporary file: [REDACTED] (purpose: asr_segment)
2025-10-15 08:26:44 - app - INFO - Created temporary file: [REDACTED] (purpose: asr_segment)
2025-10-15 08:26:44 - app - INFO - Created temporary file: [REDACTED] (purpose: asr_segment)
2025-10-15 08:26:44 - app - INFO - Created temporary file: [REDACTED] (purpose: asr_segment)
2025-10-15 08:26:44 - app - INFO - Created temporary file: [REDACTED] (purpose: asr_segment)
2025-10-15 08:26:44 - app - INFO - Created temporary file: [REDACTED] (purpose: asr_segment)
2025-10-15 08:26:44 - app - INFO - Created temporary file: [REDACTED] (purpose: asr_segment)
2025-10-15 08:26:44 - app - INFO - Created temporary file: [REDACTED] (purpose: asr_segment)
2025-10-15 08:26:44 - app - INFO - Created temporary file: [REDACTED] (purpose: asr_segment)
2025-10-15 08:26:45 - app - INFO - Created temporary file: [REDACTED] (purpose: asr_segment)
2025-10-15 08:26:45 - app - INFO - Created temporary file: [REDACTED] (purpose: asr_segment)
2025-10-15 08:26:45 - app - INFO - Starting cleanup of 133 files and 0 directories
2025-10-15 08:26:45 - app - INFO - Successfully deleted file: [REDACTED] (purpose: audio_conversion, size: 0 bytes, access_count: 0)
2025-10-15 08:26:45 - app - INFO - Successfully deleted file: [REDACTED] (purpose: asr_segment, size: 0 bytes, access_count: 0)
2025-10-15 08:26:45 - app - INFO - Successfully deleted file: [REDACTED] (purpose: asr_segment, size: 0 bytes, access_count: 0)
2025-10-15 08:26:45 - app - INFO - Successfully deleted file: [REDACTED] (purpose: asr_segment, size: 0 bytes, access_count: 0)
2025-10-15 08:26:45 - app - INFO - Successfully deleted file: [REDACTED] (purpose: asr_segment, size: 0 bytes, access_count: 0)
2025-10-15 08:26:45 - app - INFO - Successfully deleted file: [REDACTED] (purpose: asr_segment, size: 0 bytes, access_count: 0)
2025-10-15 08:26:45 - app - INFO - Successfully deleted file: [REDACTED] (purpose: asr_segment, size: 0 bytes, access_count: 0)
2025-10-15 08:26:45 - app - INFO - Successfully deleted file: [REDACTED] (purpose: asr_segment, size: 0 bytes, access_count: 0)
2025-10-15 08:26:45 - app - INFO - Successfully deleted file: [REDACTED] (purpose: asr_segment, size: 0 bytes, access_count: 0)
2025-10-15 08:26:45 - app - INFO - Successfully deleted file: [REDACTED] (purpose: asr_segment, size: 0 bytes, access_count: 0)
2025-10-15 08:26:45 - app - INFO - Successfully deleted file: [REDACTED] (purpose: asr_segment, size: 0 bytes, access_count: 0)
2025-10-15 08:26:45 - app - INFO - Successfully deleted file: [REDACTED] (purpose: asr_segment, size: 0 bytes, access_count: 0)
2025-10-15 08:26:45 - app - INFO - Successfully deleted file: [REDACTED] (purpose: asr_segment, size: 0 bytes, access_count: 0)
2025-10-15 08:26:45 - app - INFO - Successfully deleted file: [REDACTED] (purpose: asr_segment, size: 0 bytes, access_count: 0)
2025-10-15 08:26:45 - app - INFO - Successfully deleted file: [REDACTED] (purpose: asr_segment, size: 0 bytes, access_count: 0)
2025-10-15 08:26:45 - app - INFO - Successfully deleted file: [REDACTED] (purpose: asr_segment, size: 0 bytes, access_count: 0)
2025-10-15 08:26:45 - app - INFO - Successfully deleted file: [REDACTED] (purpose: asr_segment, size: 0 bytes, access_count: 0)
2025-10-15 08:26:45 - app - INFO - Successfully deleted file: [REDACTED] (purpose: asr_segment, size: 0 bytes, access_count: 0)
2025-10-15 08:26:45 - app - INFO - Successfully deleted file: [REDACTED] (purpose: asr_segment, size: 0 bytes, access_count: 0)
2025-10-15 08:26:45 - app - INFO - Successfully deleted file: [REDACTED] (purpose: asr_segment, size: 0 bytes, access_count: 0)
2025-10-15 08:26:45 - app - INFO - Successfully deleted file: [REDACTED] (purpose: asr_segment, size: 0 bytes, access_count: 0)
2025-10-15 08:26:45 - app - INFO - Successfully deleted file: [REDACTED] (purpose: asr_segment, size: 0 bytes, access_count: 0)
2025-10-15 08:26:45 - app - INFO - Successfully deleted file: [REDACTED] (purpose: asr_segment, size: 0 bytes, access_count: 0)
2025-10-15 08:26:45 - app - INFO - Successfully deleted file: [REDACTED] (purpose: asr_segment, size: 0 bytes, access_count: 0)
2025-10-15 08:26:45 - app - INFO - Successfully deleted file: [REDACTED] (purpose: asr_segment, size: 0 bytes, access_count: 0)
2025-10-15 08:26:45 - app - INFO - Successfully deleted file: [REDACTED] (purpose: asr_segment, size: 0 bytes, access_count: 0)
2025-10-15 08:26:45 - app - INFO - Successfully deleted file: [REDACTED] (purpose: asr_segment, size: 0 bytes, access_count: 0)
2025-10-15 08:26:45 - app - INFO - Successfully deleted file: [REDACTED] (purpose: asr_segment, size: 0 bytes, access_count: 0)
2025-10-15 08:26:45 - app - INFO - Successfully deleted file: [REDACTED] (purpose: asr_segment, size: 0 bytes, access_count: 0)
2025-10-15 08:26:45 - app - INFO - Successfully deleted file: [REDACTED] (purpose: asr_segment, size: 0 bytes, access_count: 0)
2025-10-15 08:26:45 - app - INFO - Successfully deleted file: [REDACTED] (purpose: asr_segment, size: 0 bytes, access_count: 0)
2025-10-15 08:26:45 - app - INFO - Successfully deleted file: [REDACTED] (purpose: asr_segment, size: 0 bytes, access_count: 0)
2025-10-15 08:26:45 - app - INFO - Successfully deleted file: [REDACTED] (purpose: asr_segment, size: 0 bytes, access_count: 0)
2025-10-15 08:26:45 - app - INFO - Successfully deleted file: [REDACTED] (purpose: asr_segment, size: 0 bytes, access_count: 0)
2025-10-15 08:26:45 - app - INFO - Successfully deleted file: [REDACTED] (purpose: asr_segment, size: 0 bytes, access_count: 0)
2025-10-15 08:26:45 - app - INFO - Successfully deleted file: [REDACTED] (purpose: asr_segment, size: 0 bytes, access_count: 0)
2025-10-15 08:26:45 - app - INFO - Successfully deleted file: [REDACTED] (purpose: asr_segment, size: 0 bytes, access_count: 0)
2025-10-15 08:26:45 - app - INFO - Successfully deleted file: [REDACTED] (purpose: asr_segment, size: 0 bytes, access_count: 0)
2025-10-15 08:26:45 - app - INFO - Successfully deleted file: [REDACTED] (purpose: asr_segment, size: 0 bytes, access_count: 0)
2025-10-15 08:26:45 - app - INFO - Successfully deleted file: [REDACTED] (purpose: asr_segment, size: 0 bytes, access_count: 0)
2025-10-15 08:26:45 - app - INFO - Successfully deleted file: [REDACTED] (purpose: asr_segment, size: 0 bytes, access_count: 0)
2025-10-15 08:26:45 - app - INFO - Successfully deleted file: [REDACTED] (purpose: asr_segment, size: 0 bytes, access_count: 0)
2025-10-15 08:26:45 - app - INFO - Successfully deleted file: [REDACTED] (purpose: asr_segment, size: 0 bytes, access_count: 0)
2025-10-15 08:26:45 - app - INFO - Successfully deleted file: [REDACTED] (purpose: asr_segment, size: 0 bytes, access_count: 0)
2025-10-15 08:26:45 - app - INFO - Successfully deleted file: [REDACTED] (purpose: asr_segment, size: 0 bytes, access_count: 0)
2025-10-15 08:26:45 - app - INFO - Successfully deleted file: [REDACTED] (purpose: asr_segment, size: 0 bytes, access_count: 0)
2025-10-15 08:26:45 - app - INFO - Successfully deleted file: [REDACTED] (purpose: asr_segment, size: 0 bytes, access_count: 0)
2025-10-15 08:26:45 - app - INFO - Successfully deleted file: [REDACTED] (purpose: asr_segment, size: 0 bytes, access_count: 0)
2025-10-15 08:26:45 - app - INFO - Successfully deleted file: [REDACTED] (purpose: asr_segment, size: 0 bytes, access_count: 0)
2025-10-15 08:26:45 - app - INFO - Successfully deleted file: [REDACTED] (purpose: asr_segment, size: 0 bytes, access_count: 0)
2025-10-15 08:26:45 - app - INFO - Successfully deleted file: [REDACTED] (purpose: asr_segment, size: 0 bytes, access_count: 0)
2025-10-15 08:26:45 - app - INFO - Successfully deleted file: [REDACTED] (purpose: asr_segment, size: 0 bytes, access_count: 0)
2025-10-15 08:26:45 - app - INFO - Successfully deleted file: [REDACTED] (purpose: asr_segment, size: 0 bytes, access_count: 0)
2025-10-15 08:26:45 - app - INFO - Successfully deleted file: [REDACTED] (purpose: asr_segment, size: 0 bytes, access_count: 0)
2025-10-15 08:26:45 - app - INFO - Successfully deleted file: [REDACTED] (purpose: asr_segment, size: 0 bytes, access_count: 0)
2025-10-15 08:26:45 - app - INFO - Successfully deleted file: [REDACTED] (purpose: asr_segment, size: 0 bytes, access_count: 0)
2025-10-15 08:26:45 - app - INFO - Successfully deleted file: [REDACTED] (purpose: asr_segment, size: 0 bytes, access_count: 0)
2025-10-15 08:26:45 - app - INFO - Successfully deleted file: [REDACTED] (purpose: asr_segment, size: 0 bytes, access_count: 0)
2025-10-15 08:26:45 - app - INFO - Successfully deleted file: [REDACTED] (purpose: asr_segment, size: 0 bytes, access_count: 0)
2025-10-15 08:26:45 - app - INFO - Successfully deleted file: [REDACTED] (purpose: asr_segment, size: 0 bytes, access_count: 0)
2025-10-15 08:26:45 - app - INFO - Successfully deleted file: [REDACTED] (purpose: asr_segment, size: 0 bytes, access_count: 0)
2025-10-15 08:26:45 - app - INFO - Successfully deleted file: [REDACTED] (purpose: asr_segment, size: 0 bytes, access_count: 0)
2025-10-15 08:26:45 - app - INFO - Successfully deleted file: [REDACTED] (purpose: asr_segment, size: 0 bytes, access_count: 0)
2025-10-15 08:26:45 - app - INFO - Successfully deleted file: [REDACTED] (purpose: asr_segment, size: 0 bytes, access_count: 0)
2025-10-15 08:26:45 - app - INFO - Successfully deleted file: [REDACTED] (purpose: asr_segment, size: 0 bytes, access_count: 0)
2025-10-15 08:26:45 - app - INFO - Successfully deleted file: [REDACTED] (purpose: asr_segment, size: 0 bytes, access_count: 0)
2025-10-15 08:26:45 - app - INFO - Successfully deleted file: [REDACTED] (purpose: asr_segment, size: 0 bytes, access_count: 0)
2025-10-15 08:26:45 - app - INFO - Successfully deleted file: [REDACTED] (purpose: asr_segment, size: 0 bytes, access_count: 0)
2025-10-15 08:26:45 - app - INFO - Successfully deleted file: [REDACTED] (purpose: asr_segment, size: 0 bytes, access_count: 0)
2025-10-15 08:26:45 - app - INFO - Successfully deleted file: [REDACTED] (purpose: asr_segment, size: 0 bytes, access_count: 0)
2025-10-15 08:26:45 - app - INFO - Successfully deleted file: [REDACTED] (purpose: asr_segment, size: 0 bytes, access_count: 0)
2025-10-15 08:26:45 - app - INFO - Successfully deleted file: [REDACTED] (purpose: asr_segment, size: 0 bytes, access_count: 0)
2025-10-15 08:26:45 - app - INFO - Successfully deleted file: [REDACTED] (purpose: asr_segment, size: 0 bytes, access_count: 0)
2025-10-15 08:26:45 - app - INFO - Successfully deleted file: [REDACTED] (purpose: asr_segment, size: 0 bytes, access_count: 0)
2025-10-15 08:26:45 - app - INFO - Successfully deleted file: [REDACTED] (purpose: asr_segment, size: 0 bytes, access_count: 0)
2025-10-15 08:26:45 - app - INFO - Successfully deleted file: [REDACTED] (purpose: asr_segment, size: 0 bytes, access_count: 0)
2025-10-15 08:26:45 - app - INFO - Successfully deleted file: [REDACTED] (purpose: asr_segment, size: 0 bytes, access_count: 0)
2025-10-15 08:26:45 - app - INFO - Successfully deleted file: [REDACTED] (purpose: asr_segment, size: 0 bytes, access_count: 0)
2025-10-15 08:26:45 - app - INFO - Successfully deleted file: [REDACTED] (purpose: asr_segment, size: 0 bytes, access_count: 0)
2025-10-15 08:26:45 - app - INFO - Successfully deleted file: [REDACTED] (purpose: asr_segment, size: 0 bytes, access_count: 0)
2025-10-15 08:26:45 - app - INFO - Successfully deleted file: [REDACTED] (purpose: asr_segment, size: 0 bytes, access_count: 0)
2025-10-15 08:26:45 - app - INFO - Successfully deleted file: [REDACTED] (purpose: asr_segment, size: 0 bytes, access_count: 0)
2025-10-15 08:26:45 - app - INFO - Successfully deleted file: [REDACTED] (purpose: asr_segment, size: 0 bytes, access_count: 0)
2025-10-15 08:26:45 - app - INFO - Successfully deleted file: [REDACTED] (purpose: asr_segment, size: 0 bytes, access_count: 0)
2025-10-15 08:26:45 - app - INFO - Successfully deleted file: [REDACTED] (purpose: asr_segment, size: 0 bytes, access_count: 0)
2025-10-15 08:26:45 - app - INFO - Successfully deleted file: [REDACTED] (purpose: asr_segment, size: 0 bytes, access_count: 0)
2025-10-15 08:26:45 - app - INFO - Successfully deleted file: [REDACTED] (purpose: asr_segment, size: 0 bytes, access_count: 0)
2025-10-15 08:26:45 - app - INFO - Successfully deleted file: [REDACTED] (purpose: asr_segment, size: 0 bytes, access_count: 0)
2025-10-15 08:26:45 - app - INFO - Successfully deleted file: [REDACTED] (purpose: asr_segment, size: 0 bytes, access_count: 0)
2025-10-15 08:26:45 - app - INFO - Successfully deleted file: [REDACTED] (purpose: asr_segment, size: 0 bytes, access_count: 0)
2025-10-15 08:26:45 - app - INFO - Successfully deleted file: [REDACTED] (purpose: asr_segment, size: 0 bytes, access_count: 0)
2025-10-15 08:26:45 - app - INFO - Successfully deleted file: [REDACTED] (purpose: asr_segment, size: 0 bytes, access_count: 0)
2025-10-15 08:26:45 - app - INFO - Successfully deleted file: [REDACTED] (purpose: asr_segment, size: 0 bytes, access_count: 0)
2025-10-15 08:26:45 - app - INFO - Successfully deleted file: [REDACTED] (purpose: asr_segment, size: 0 bytes, access_count: 0)
2025-10-15 08:26:45 - app - INFO - Successfully deleted file: [REDACTED] (purpose: asr_segment, size: 0 bytes, access_count: 0)
2025-10-15 08:26:45 - app - INFO - Successfully deleted file: [REDACTED] (purpose: asr_segment, size: 0 bytes, access_count: 0)
2025-10-15 08:26:45 - app - INFO - Successfully deleted file: [REDACTED] (purpose: asr_segment, size: 0 bytes, access_count: 0)
2025-10-15 08:26:45 - app - INFO - Successfully deleted file: [REDACTED] (purpose: asr_segment, size: 0 bytes, access_count: 0)
2025-10-15 08:26:45 - app - INFO - Successfully deleted file: [REDACTED] (purpose: asr_segment, size: 0 bytes, access_count: 0)
2025-10-15 08:26:45 - app - INFO - Successfully deleted file: [REDACTED] (purpose: asr_segment, size: 0 bytes, access_count: 0)
2025-10-15 08:26:45 - app - INFO - Successfully deleted file: [REDACTED] (purpose: asr_segment, size: 0 bytes, access_count: 0)
2025-10-15 08:26:45 - app - INFO - Successfully deleted file: [REDACTED] (purpose: asr_segment, size: 0 bytes, access_count: 0)
2025-10-15 08:26:45 - app - INFO - Successfully deleted file: [REDACTED] (purpose: asr_segment, size: 0 bytes, access_count: 0)
2025-10-15 08:26:45 - app - INFO - Successfully deleted file: [REDACTED] (purpose: asr_segment, size: 0 bytes, access_count: 0)
2025-10-15 08:26:45 - app - INFO - Successfully deleted file: [REDACTED] (purpose: asr_segment, size: 0 bytes, access_count: 0)
2025-10-15 08:26:45 - app - INFO - Successfully deleted file: [REDACTED] (purpose: asr_segment, size: 0 bytes, access_count: 0)
2025-10-15 08:26:45 - app - INFO - Successfully deleted file: [REDACTED] (purpose: asr_segment, size: 0 bytes, access_count: 0)
2025-10-15 08:26:45 - app - INFO - Successfully deleted file: [REDACTED] (purpose: asr_segment, size: 0 bytes, access_count: 0)
2025-10-15 08:26:45 - app - INFO - Successfully deleted file: [REDACTED] (purpose: asr_segment, size: 0 bytes, access_count: 0)
2025-10-15 08:26:45 - app - INFO - Successfully deleted file: [REDACTED] (purpose: asr_segment, size: 0 bytes, access_count: 0)
2025-10-15 08:26:45 - app - INFO - Successfully deleted file: [REDACTED] (purpose: asr_segment, size: 0 bytes, access_count: 0)
2025-10-15 08:26:45 - app - INFO - Successfully deleted file: [REDACTED] (purpose: asr_segment, size: 0 bytes, access_count: 0)
2025-10-15 08:26:45 - app - INFO - Successfully deleted file: [REDACTED] (purpose: asr_segment, size: 0 bytes, access_count: 0)
2025-10-15 08:26:45 - app - INFO - Successfully deleted file: [REDACTED] (purpose: asr_segment, size: 0 bytes, access_count: 0)
2025-10-15 08:26:45 - app - INFO - Successfully deleted file: [REDACTED] (purpose: asr_segment, size: 0 bytes, access_count: 0)
2025-10-15 08:26:45 - app - INFO - Successfully deleted file: [REDACTED] (purpose: asr_segment, size: 0 bytes, access_count: 0)
2025-10-15 08:26:45 - app - INFO - Successfully deleted file: [REDACTED] (purpose: asr_segment, size: 0 bytes, access_count: 0)
2025-10-15 08:26:45 - app - INFO - Successfully deleted file: [REDACTED] (purpose: asr_segment, size: 0 bytes, access_count: 0)
2025-10-15 08:26:45 - app - INFO - Successfully deleted file: [REDACTED] (purpose: asr_segment, size: 0 bytes, access_count: 0)
2025-10-15 08:26:45 - app - INFO - Successfully deleted file: [REDACTED] (purpose: asr_segment, size: 0 bytes, access_count: 0)
2025-10-15 08:26:45 - app - INFO - Successfully deleted file: [REDACTED] (purpose: asr_segment, size: 0 bytes, access_count: 0)
2025-10-15 08:26:45 - app - INFO - Successfully deleted file: [REDACTED] (purpose: asr_segment, size: 0 bytes, access_count: 0)
2025-10-15 08:26:45 - app - INFO - Successfully deleted file: [REDACTED] (purpose: asr_segment, size: 0 bytes, access_count: 0)
2025-10-15 08:26:45 - app - INFO - Successfully deleted file: [REDACTED] (purpose: asr_segment, size: 0 bytes, access_count: 0)
2025-10-15 08:26:45 - app - INFO - Successfully deleted file: [REDACTED] (purpose: asr_segment, size: 0 bytes, access_count: 0)
2025-10-15 08:26:45 - app - INFO - Successfully deleted file: [REDACTED] (purpose: asr_segment, size: 0 bytes, access_count: 0)
2025-10-15 08:26:45 - app - INFO - Successfully deleted file: [REDACTED] (purpose: asr_segment, size: 0 bytes, access_count: 0)
2025-10-15 08:26:45 - app - INFO - Successfully deleted file: [REDACTED] (purpose: asr_segment, size: 0 bytes, access_count: 0)
2025-10-15 08:26:45 - app - INFO - Successfully deleted file: [REDACTED] (purpose: asr_segment, size: 0 bytes, access_count: 0)
2025-10-15 08:26:45 - app - INFO - Successfully deleted file: [REDACTED] (purpose: asr_segment, size: 0 bytes, access_count: 0)
2025-10-15 08:26:45 - app - INFO - Successfully deleted file: [REDACTED] (purpose: asr_segment, size: 0 bytes, access_count: 0)
2025-10-15 08:26:45 - app - INFO - Successfully deleted file: [REDACTED] (purpose: asr_segment, size: 0 bytes, access_count: 0)
2025-10-15 08:26:45 - app - INFO - Successfully deleted file: [REDACTED] (purpose: asr_segment, size: 0 bytes, access_count: 0)
2025-10-15 08:26:45 - app - INFO - TempFileTracker session ended. Cleanup successful: True
2025-10-15 08:26:50 - app - WARNING - Worker stderr: 2025-10-15 08:26:07 - app - INFO - TempFileTracker session started
2025-10-15 08:26:07 - worker - INFO - Expected number of speakers: 2
2025-10-15 08:26:09 - app - INFO - Created temporary file: [REDACTED] (purpose: audio_conversion)
[NeMo W 2025-10-15 08:26:14 nemo_logging:405] If you intend to do training or fine-tuning, please call the ModelPT.setup_training_data() method and provide a valid configuration file to setup the train data loader.
    Train config : 
    manifest_filepath: null
    sample_rate: 16000
    batch_size: 1
    shuffle: true
    num_workers: 8
    pin_memory: true
    max_duration: 20
    min_duration: 0.1
    is_tarred: true
    tarred_audio_filepaths: null
    shuffle_n: 2048
    bucketing_strategy: fully_randomized
    bucketing_batch_size:
    - 64
    - 64
    - 32
    - 32
    - 32
    - 32
    - 16
    - 16
    - 64
    - 64
    - 32
    - 32
    - 32
    - 32
    - 16
    - 16
    - 64
    - 64
    - 32
    - 32
    - 32
    - 32
    - 16
    - 16
    defer_setup: true
    
[NeMo W 2025-10-15 08:26:14 nemo_logging:405] If you intend to do validation, please call the ModelPT.setup_validation_data() or ModelPT.setup_multiple_validation_data() method and provide a valid configuration file to setup the validation data loader(s). 
    Validation config : 
    manifest_filepath: null
    sample_rate: 16000
    batch_size: 16
    shuffle: false
    use_start_end_token: false
    num_workers: 8
    pin_memory: true
    
[NeMo W 2025-10-15 08:26:14 nemo_logging:405] Please call the ModelPT.setup_test_data() or ModelPT.setup_multiple_test_data() method and provide a valid configuration file to setup the test data loader(s).
    Test config : 
    manifest_filepath: null
    sample_rate: 16000
    batch_size: 16
    shuffle: false
    use_start_end_token: false
    num_workers: 8
    pin_memory: true
    
[NeMo W 2025-10-15 08:26:25 nemo_logging:405] /home/sun/ai/project/asrdiarize/.venv/lib/python3.12/site-packages/pyannote/audio/utils/reproducibility.py:74: ReproducibilityWarning: TensorFloat-32 (TF32) has been disabled as it might lead to reproducibility issues and lower accuracy.
    It can be re-enabled by calling
       >>> import torch
       >>> torch.backends.cuda.matmul.allow_tf32 = True
       >>> torch.backends.cudnn.allow_tf32 = True
    See https://github.com/pyannote/pyannote-audio/issues/1370 for more details.
    
      warnings.warn(
    
2025-10-15 08:26:35 - app - INFO - Created temporary file: [REDACTED] (purpose: asr_segment)

Transcribing:   0%|          | 0/1 [00:00<?, ?it/s]
Transcribing: 100%|██████████| 1/1 [00:00<00:00,  5.39it/s]
Transcribing: 100%|██████████| 1/1 [00:00<00:00,  5.38it/s]
2025-10-15 08:26:35 - app - INFO - Created temporary file: [REDACTED] (purpose: asr_segment)

Transcribing:   0%|          | 0/1 [00:00<?, ?it/s]
Transcribing: 100%|██████████| 1/1 [00:00<00:00, 16.67it/s]
2025-10-15 08:26:35 - app - INFO - Created temporary file: [REDACTED] (purpose: asr_segment)

Transcribing:   0%|          | 0/1 [00:00<?, ?it/s]
Transcribing: 100%|██████████| 1/1 [00:00<00:00, 16.52it/s]
2025-10-15 08:26:35 - app - INFO - Created temporary file: [REDACTED] (purpose: asr_segment)

Transcribing:   0%|          | 0/1 [00:00<?, ?it/s]
Transcribing: 100%|██████████| 1/1 [00:00<00:00, 11.30it/s]
2025-10-15 08:26:35 - app - INFO - Created temporary file: [REDACTED] (purpose: asr_segment)

Transcribing:   0%|          | 0/1 [00:00<?, ?it/s]
Transcribing: 100%|██████████| 1/1 [00:00<00:00, 12.08it/s]
2025-10-15 08:26:35 - app - INFO - Created temporary file: [REDACTED] (purpose: asr_segment)

Transcribing:   0%|          | 0/1 [00:00<?, ?it/s]
Transcribing: 100%|██████████| 1/1 [00:00<00:00, 10.07it/s]
2025-10-15 08:26:36 - app - INFO - Created temporary file: [REDACTED] (purpose: asr_segment)

Transcribing:   0%|          | 0/1 [00:00<?, ?it/s]
Transcribing: 100%|██████████| 1/1 [00:00<00:00, 14.19it/s]
2025-10-15 08:26:36 - app - INFO - Created temporary file: [REDACTED] (purpose: asr_segment)

Transcribing:   0%|          | 0/1 [00:00<?, ?it/s]
Transcribing: 100%|██████████| 1/1 [00:00<00:00, 24.50it/s]
2025-10-15 08:26:36 - app - INFO - Created temporary file: [REDACTED] (purpose: asr_segment)

Transcribing:   0%|          | 0/1 [00:00<?, ?it/s]
Transcribing: 100%|██████████| 1/1 [00:00<00:00, 21.82it/s]
2025-10-15 08:26:36 - app - INFO - Created temporary file: [REDACTED] (purpose: asr_segment)

Transcribing:   0%|          | 0/1 [00:00<?, ?it/s]
Transcribing: 100%|██████████| 1/1 [00:00<00:00, 21.55it/s]
2025-10-15 08:26:36 - app - INFO - Created temporary file: [REDACTED] (purpose: asr_segment)

Transcribing:   0%|          | 0/1 [00:00<?, ?it/s]
Transcribing: 100%|██████████| 1/1 [00:00<00:00, 14.53it/s]
2025-10-15 08:26:36 - app - INFO - Created temporary file: [REDACTED] (purpose: asr_segment)

Transcribing:   0%|          | 0/1 [00:00<?, ?it/s]
Transcribing: 100%|██████████| 1/1 [00:00<00:00, 22.96it/s]
2025-10-15 08:26:36 - app - INFO - Created temporary file: [REDACTED] (purpose: asr_segment)

Transcribing:   0%|          | 0/1 [00:00<?, ?it/s]
Transcribing: 100%|██████████| 1/1 [00:00<00:00, 21.45it/s]
2025-10-15 08:26:36 - app - INFO - Created temporary file: [REDACTED] (purpose: asr_segment)

Transcribing:   0%|          | 0/1 [00:00<?, ?it/s]
Transcribing: 100%|██████████| 1/1 [00:00<00:00, 22.91it/s]
2025-10-15 08:26:36 - app - INFO - Created temporary file: [REDACTED] (purpose: asr_segment)

Transcribing:   0%|          | 0/1 [00:00<?, ?it/s]
Transcribing: 100%|██████████| 1/1 [00:00<00:00, 14.71it/s]
2025-10-15 08:26:36 - app - INFO - Created temporary file: [REDACTED] (purpose: asr_segment)

Transcribing:   0%|          | 0/1 [00:00<?, ?it/s]
Transcribing: 100%|██████████| 1/1 [00:00<00:00, 13.09it/s]
2025-10-15 08:26:36 - app - INFO - Created temporary file: [REDACTED] (purpose: asr_segment)

Transcribing:   0%|          | 0/1 [00:00<?, ?it/s]
Transcribing: 100%|██████████| 1/1 [00:00<00:00, 21.55it/s]
2025-10-15 08:26:36 - app - INFO - Created temporary file: [REDACTED] (purpose: asr_segment)

Transcribing:   0%|          | 0/1 [00:00<?, ?it/s]
Transcribing: 100%|██████████| 1/1 [00:00<00:00, 10.84it/s]
2025-10-15 08:26:36 - app - INFO - Created temporary file: [REDACTED] (purpose: asr_segment)

Transcribing:   0%|          | 0/1 [00:00<?, ?it/s]
Transcribing: 100%|██████████| 1/1 [00:00<00:00, 24.92it/s]
2025-10-15 08:26:37 - app - INFO - Created temporary file: [REDACTED] (purpose: asr_segment)

Transcribing:   0%|          | 0/1 [00:00<?, ?it/s]
Transcribing: 100%|██████████| 1/1 [00:00<00:00, 19.11it/s]
2025-10-15 08:26:37 - app - INFO - Created temporary file: [REDACTED] (purpose: asr_segment)

Transcribing:   0%|          | 0/1 [00:00<?, ?it/s]
Transcribing: 100%|██████████| 1/1 [00:00<00:00, 22.80it/s]
2025-10-15 08:26:37 - app - INFO - Created temporary file: [REDACTED] (purpose: asr_segment)

Transcribing:   0%|          | 0/1 [00:00<?, ?it/s]
Transcribing: 100%|██████████| 1/1 [00:00<00:00, 25.88it/s]
2025-10-15 08:26:37 - app - INFO - Created temporary file: [REDACTED] (purpose: asr_segment)

Transcribing:   0%|          | 0/1 [00:00<?, ?it/s]
Transcribing: 100%|██████████| 1/1 [00:00<00:00, 21.89it/s]
2025-10-15 08:26:37 - app - INFO - Created temporary file: [REDACTED] (purpose: asr_segment)

Transcribing:   0%|          | 0/1 [00:00<?, ?it/s]
Transcribing: 100%|██████████| 1/1 [00:00<00:00, 19.44it/s]
2025-10-15 08:26:37 - app - INFO - Created temporary file: [REDACTED] (purpose: asr_segment)

Transcribing:   0%|          | 0/1 [00:00<?, ?it/s]
Transcribing: 100%|██████████| 1/1 [00:00<00:00, 25.65it/s]
2025-10-15 08:26:37 - app - INFO - Created temporary file: [REDACTED] (purpose: asr_segment)

Transcribing:   0%|          | 0/1 [00:00<?, ?it/s]
Transcribing: 100%|██████████| 1/1 [00:00<00:00, 13.72it/s]
2025-10-15 08:26:37 - app - INFO - Created temporary file: [REDACTED] (purpose: asr_segment)

Transcribing:   0%|          | 0/1 [00:00<?, ?it/s]
Transcribing: 100%|██████████| 1/1 [00:00<00:00, 27.72it/s]
2025-10-15 08:26:37 - app - INFO - Created temporary file: [REDACTED] (purpose: asr_segment)

Transcribing:   0%|          | 0/1 [00:00<?, ?it/s]
Transcribing: 100%|██████████| 1/1 [00:00<00:00, 14.65it/s]
2025-10-15 08:26:37 - app - INFO - Created temporary file: [REDACTED] (purpose: asr_segment)

Transcribing:   0%|          | 0/1 [00:00<?, ?it/s]
Transcribing: 100%|██████████| 1/1 [00:00<00:00, 21.44it/s]
2025-10-15 08:26:37 - app - INFO - Created temporary file: [REDACTED] (purpose: asr_segment)

Transcribing:   0%|          | 0/1 [00:00<?, ?it/s]
Transcribing: 100%|██████████| 1/1 [00:00<00:00, 21.32it/s]
2025-10-15 08:26:37 - app - INFO - Created temporary file: [REDACTED] (purpose: asr_segment)

Transcribing:   0%|          | 0/1 [00:00<?, ?it/s]
Transcribing: 100%|██████████| 1/1 [00:00<00:00, 19.14it/s]
2025-10-15 08:26:37 - app - INFO - Created temporary file: [REDACTED] (purpose: asr_segment)

Transcribing:   0%|          | 0/1 [00:00<?, ?it/s]
Transcribing: 100%|██████████| 1/1 [00:00<00:00, 25.31it/s]
2025-10-15 08:26:37 - app - INFO - Created temporary file: [REDACTED] (purpose: asr_segment)

Transcribing:   0%|          | 0/1 [00:00<?, ?it/s]
Transcribing: 100%|██████████| 1/1 [00:00<00:00, 20.52it/s]
2025-10-15 08:26:37 - app - INFO - Created temporary file: [REDACTED] (purpose: asr_segment)

Transcribing:   0%|          | 0/1 [00:00<?, ?it/s]
Transcribing: 100%|██████████| 1/1 [00:00<00:00, 21.04it/s]
2025-10-15 08:26:38 - app - INFO - Created temporary file: [REDACTED] (purpose: asr_segment)

Transcribing:   0%|          | 0/1 [00:00<?, ?it/s]
Transcribing: 100%|██████████| 1/1 [00:00<00:00, 16.27it/s]
2025-10-15 08:26:38 - app - INFO - Created temporary file: [REDACTED] (purpose: asr_segment)

Transcribing:   0%|          | 0/1 [00:00<?, ?it/s]
Transcribing: 100%|██████████| 1/1 [00:00<00:00, 25.93it/s]
2025-10-15 08:26:38 - app - INFO - Created temporary file: [REDACTED] (purpose: asr_segment)

Transcribing:   0%|          | 0/1 [00:00<?, ?it/s]
Transcribing: 100%|██████████| 1/1 [00:00<00:00, 18.54it/s]
2025-10-15 08:26:38 - app - INFO - Created temporary file: [REDACTED] (purpose: asr_segment)

Transcribing:   0%|          | 0/1 [00:00<?, ?it/s]
Transcribing: 100%|██████████| 1/1 [00:00<00:00, 27.53it/s]
2025-10-15 08:26:38 - app - INFO - Created temporary file: [REDACTED] (purpose: asr_segment)

Transcribing:   0%|          | 0/1 [00:00<?, ?it/s]
Transcribing: 100%|██████████| 1/1 [00:00<00:00, 14.64it/s]
2025-10-15 08:26:38 - app - INFO - Created temporary file: [REDACTED] (purpose: asr_segment)

Transcribing:   0%|          | 0/1 [00:00<?, ?it/s]
Transcribing: 100%|██████████| 1/1 [00:00<00:00, 13.14it/s]
2025-10-15 08:26:38 - app - INFO - Created temporary file: [REDACTED] (purpose: asr_segment)

Transcribing:   0%|          | 0/1 [00:00<?, ?it/s]
Transcribing: 100%|██████████| 1/1 [00:00<00:00, 26.15it/s]
2025-10-15 08:26:38 - app - INFO - Created temporary file: [REDACTED] (purpose: asr_segment)

Transcribing:   0%|          | 0/1 [00:00<?, ?it/s]
Transcribing: 100%|██████████| 1/1 [00:00<00:00, 21.61it/s]
2025-10-15 08:26:38 - app - INFO - Created temporary file: [REDACTED] (purpose: asr_segment)

Transcribing:   0%|          | 0/1 [00:00<?, ?it/s]
Transcribing: 100%|██████████| 1/1 [00:00<00:00, 14.92it/s]
2025-10-15 08:26:38 - app - INFO - Created temporary file: [REDACTED] (purpose: asr_segment)

Transcribing:   0%|          | 0/1 [00:00<?, ?it/s]
Transcribing: 100%|██████████| 1/1 [00:00<00:00, 21.90it/s]
2025-10-15 08:26:38 - app - INFO - Created temporary file: [REDACTED] (purpose: asr_segment)

Transcribing:   0%|          | 0/1 [00:00<?, ?it/s]
Transcribing: 100%|██████████| 1/1 [00:00<00:00, 17.70it/s]
2025-10-15 08:26:38 - app - INFO - Created temporary file: [REDACTED] (purpose: asr_segment)

Transcribing:   0%|          | 0/1 [00:00<?, ?it/s]
Transcribing: 100%|██████████| 1/1 [00:00<00:00, 12.82it/s]
2025-10-15 08:26:38 - app - INFO - Created temporary file: [REDACTED] (purpose: asr_segment)

Transcribing:   0%|          | 0/1 [00:00<?, ?it/s]
Transcribing: 100%|██████████| 1/1 [00:00<00:00, 13.86it/s]
2025-10-15 08:26:38 - app - INFO - Created temporary file: [REDACTED] (purpose: asr_segment)

Transcribing:   0%|          | 0/1 [00:00<?, ?it/s]
Transcribing: 100%|██████████| 1/1 [00:00<00:00, 18.73it/s]
2025-10-15 08:26:39 - app - INFO - Created temporary file: [REDACTED] (purpose: asr_segment)

Transcribing:   0%|          | 0/1 [00:00<?, ?it/s]
Transcribing: 100%|██████████| 1/1 [00:00<00:00, 27.44it/s]
2025-10-15 08:26:39 - app - INFO - Created temporary file: [REDACTED] (purpose: asr_segment)

Transcribing:   0%|          | 0/1 [00:00<?, ?it/s]
Transcribing: 100%|██████████| 1/1 [00:00<00:00,  8.92it/s]
Transcribing: 100%|██████████| 1/1 [00:00<00:00,  8.88it/s]
2025-10-15 08:26:39 - app - INFO - Created temporary file: [REDACTED] (purpose: asr_segment)

Transcribing:   0%|          | 0/1 [00:00<?, ?it/s]
Transcribing: 100%|██████████| 1/1 [00:00<00:00, 18.62it/s]
2025-10-15 08:26:39 - app - INFO - Created temporary file: [REDACTED] (purpose: asr_segment)

Transcribing:   0%|          | 0/1 [00:00<?, ?it/s]
Transcribing: 100%|██████████| 1/1 [00:00<00:00, 13.95it/s]
2025-10-15 08:26:39 - app - INFO - Created temporary file: [REDACTED] (purpose: asr_segment)

Transcribing:   0%|          | 0/1 [00:00<?, ?it/s]
Transcribing: 100%|██████████| 1/1 [00:00<00:00, 25.80it/s]
2025-10-15 08:26:39 - app - INFO - Created temporary file: [REDACTED] (purpose: asr_segment)

Transcribing:   0%|          | 0/1 [00:00<?, ?it/s]
Transcribing: 100%|██████████| 1/1 [00:00<00:00, 24.92it/s]
2025-10-15 08:26:39 - app - INFO - Created temporary file: [REDACTED] (purpose: asr_segment)

Transcribing:   0%|          | 0/1 [00:00<?, ?it/s]
Transcribing: 100%|██████████| 1/1 [00:00<00:00, 22.67it/s]
2025-10-15 08:26:39 - app - INFO - Created temporary file: [REDACTED] (purpose: asr_segment)

Transcribing:   0%|          | 0/1 [00:00<?, ?it/s]
Transcribing: 100%|██████████| 1/1 [00:00<00:00, 32.39it/s]
2025-10-15 08:26:39 - app - INFO - Created temporary file: [REDACTED] (purpose: asr_segment)

Transcribing:   0%|          | 0/1 [00:00<?, ?it/s]
Transcribing: 100%|██████████| 1/1 [00:00<00:00, 18.99it/s]
2025-10-15 08:26:39 - app - INFO - Created temporary file: [REDACTED] (purpose: asr_segment)

Transcribing:   0%|          | 0/1 [00:00<?, ?it/s]
Transcribing: 100%|██████████| 1/1 [00:00<00:00, 25.98it/s]
2025-10-15 08:26:39 - app - INFO - Created temporary file: [REDACTED] (purpose: asr_segment)

Transcribing:   0%|          | 0/1 [00:00<?, ?it/s]
Transcribing: 100%|██████████| 1/1 [00:00<00:00, 10.75it/s]
2025-10-15 08:26:39 - app - INFO - Created temporary file: [REDACTED] (purpose: asr_segment)

Transcribing:   0%|          | 0/1 [00:00<?, ?it/s]
Transcribing: 100%|██████████| 1/1 [00:00<00:00, 16.87it/s]
2025-10-15 08:26:39 - app - INFO - Created temporary file: [REDACTED] (purpose: asr_segment)

Transcribing:   0%|          | 0/1 [00:00<?, ?it/s]
Transcribing: 100%|██████████| 1/1 [00:00<00:00, 23.04it/s]
2025-10-15 08:26:40 - app - INFO - Created temporary file: [REDACTED] (purpose: asr_segment)

Transcribing:   0%|          | 0/1 [00:00<?, ?it/s]
Transcribing: 100%|██████████| 1/1 [00:00<00:00, 13.60it/s]
2025-10-15 08:26:40 - app - INFO - Created temporary file: [REDACTED] (purpose: asr_segment)

Transcribing:   0%|          | 0/1 [00:00<?, ?it/s]
Transcribing: 100%|██████████| 1/1 [00:00<00:00, 12.51it/s]
2025-10-15 08:26:40 - app - INFO - Created temporary file: [REDACTED] (purpose: asr_segment)

Transcribing:   0%|          | 0/1 [00:00<?, ?it/s]
Transcribing: 100%|██████████| 1/1 [00:00<00:00, 19.66it/s]
2025-10-15 08:26:40 - app - INFO - Created temporary file: [REDACTED] (purpose: asr_segment)

Transcribing:   0%|          | 0/1 [00:00<?, ?it/s]
Transcribing: 100%|██████████| 1/1 [00:00<00:00, 23.63it/s]
2025-10-15 08:26:40 - app - INFO - Created temporary file: [REDACTED] (purpose: asr_segment)

Transcribing:   0%|          | 0/1 [00:00<?, ?it/s]
Transcribing: 100%|██████████| 1/1 [00:00<00:00, 22.25it/s]
2025-10-15 08:26:40 - app - INFO - Created temporary file: [REDACTED] (purpose: asr_segment)

Transcribing:   0%|          | 0/1 [00:00<?, ?it/s]
Transcribing: 100%|██████████| 1/1 [00:00<00:00, 27.50it/s]
2025-10-15 08:26:40 - app - INFO - Created temporary file: [REDACTED] (purpose: asr_segment)

Transcribing:   0%|          | 0/1 [00:00<?, ?it/s]
Transcribing: 100%|██████████| 1/1 [00:00<00:00, 24.84it/s]
2025-10-15 08:26:40 - app - INFO - Created temporary file: [REDACTED] (purpose: asr_segment)

Transcribing:   0%|          | 0/1 [00:00<?, ?it/s]
Transcribing: 100%|██████████| 1/1 [00:00<00:00, 25.36it/s]
2025-10-15 08:26:40 - app - INFO - Created temporary file: [REDACTED] (purpose: asr_segment)

Transcribing:   0%|          | 0/1 [00:00<?, ?it/s]
Transcribing: 100%|██████████| 1/1 [00:00<00:00, 18.14it/s]
2025-10-15 08:26:40 - app - INFO - Created temporary file: [REDACTED] (purpose: asr_segment)

Transcribing:   0%|          | 0/1 [00:00<?, ?it/s]
Transcribing: 100%|██████████| 1/1 [00:00<00:00, 25.37it/s]
2025-10-15 08:26:40 - app - INFO - Created temporary file: [REDACTED] (purpose: asr_segment)

Transcribing:   0%|          | 0/1 [00:00<?, ?it/s]
Transcribing: 100%|██████████| 1/1 [00:00<00:00, 15.93it/s]
2025-10-15 08:26:40 - app - INFO - Created temporary file: [REDACTED] (purpose: asr_segment)

Transcribing:   0%|          | 0/1 [00:00<?, ?it/s]
Transcribing: 100%|██████████| 1/1 [00:00<00:00, 13.79it/s]
2025-10-15 08:26:40 - app - INFO - Created temporary file: [REDACTED] (purpose: asr_segment)

Transcribing:   0%|          | 0/1 [00:00<?, ?it/s]
Transcribing: 100%|██████████| 1/1 [00:00<00:00, 22.48it/s]
2025-10-15 08:26:40 - app - INFO - Created temporary file: [REDACTED] (purpose: asr_segment)

Transcribing:   0%|          | 0/1 [00:00<?, ?it/s]
Transcribing: 100%|██████████| 1/1 [00:00<00:00, 21.03it/s]
2025-10-15 08:26:40 - app - INFO - Created temporary file: [REDACTED] (purpose: asr_segment)

Transcribing:   0%|          | 0/1 [00:00<?, ?it/s]
Transcribing: 100%|██████████| 1/1 [00:00<00:00, 19.07it/s]
2025-10-15 08:26:41 - app - INFO - Created temporary file: [REDACTED] (purpose: asr_segment)

Transcribing:   0%|          | 0/1 [00:00<?, ?it/s]
Transcribing: 100%|██████████| 1/1 [00:00<00:00, 21.29it/s]
2025-10-15 08:26:41 - app - INFO - Created temporary file: [REDACTED] (purpose: asr_segment)

Transcribing:   0%|          | 0/1 [00:00<?, ?it/s]
Transcribing: 100%|██████████| 1/1 [00:00<00:00, 19.03it/s]
2025-10-15 08:26:41 - app - INFO - Created temporary file: [REDACTED] (purpose: asr_segment)

Transcribing:   0%|          | 0/1 [00:00<?, ?it/s]
Transcribing: 100%|██████████| 1/1 [00:00<00:00, 23.23it/s]
2025-10-15 08:26:41 - app - INFO - Created temporary file: [REDACTED] (purpose: asr_segment)

Transcribing:   0%|          | 0/1 [00:00<?, ?it/s]
Transcribing: 100%|██████████| 1/1 [00:00<00:00, 15.95it/s]
2025-10-15 08:26:41 - app - INFO - Created temporary file: [REDACTED] (purpose: asr_segment)

Transcribing:   0%|          | 0/1 [00:00<?, ?it/s]
Transcribing: 100%|██████████| 1/1 [00:00<00:00, 19.05it/s]
2025-10-15 08:26:41 - app - INFO - Created temporary file: [REDACTED] (purpose: asr_segment)

Transcribing:   0%|          | 0/1 [00:00<?, ?it/s]
Transcribing: 100%|██████████| 1/1 [00:00<00:00, 20.07it/s]
2025-10-15 08:26:41 - app - INFO - Created temporary file: [REDACTED] (purpose: asr_segment)

Transcribing:   0%|          | 0/1 [00:00<?, ?it/s]
Transcribing: 100%|██████████| 1/1 [00:00<00:00, 13.45it/s]
2025-10-15 08:26:41 - app - INFO - Created temporary file: [REDACTED] (purpose: asr_segment)

Transcribing:   0%|          | 0/1 [00:00<?, ?it/s]
Transcribing: 100%|██████████| 1/1 [00:00<00:00, 14.02it/s]
2025-10-15 08:26:41 - app - INFO - Created temporary file: [REDACTED] (purpose: asr_segment)

Transcribing:   0%|          | 0/1 [00:00<?, ?it/s]
Transcribing: 100%|██████████| 1/1 [00:00<00:00, 23.37it/s]
2025-10-15 08:26:41 - app - INFO - Created temporary file: [REDACTED] (purpose: asr_segment)

Transcribing:   0%|          | 0/1 [00:00<?, ?it/s]
Transcribing: 100%|██████████| 1/1 [00:00<00:00, 21.88it/s]
2025-10-15 08:26:41 - app - INFO - Created temporary file: [REDACTED] (purpose: asr_segment)

Transcribing:   0%|          | 0/1 [00:00<?, ?it/s]
Transcribing: 100%|██████████| 1/1 [00:00<00:00, 12.86it/s]
2025-10-15 08:26:41 - app - INFO - Created temporary file: [REDACTED] (purpose: asr_segment)

Transcribing:   0%|          | 0/1 [00:00<?, ?it/s]
Transcribing: 100%|██████████| 1/1 [00:00<00:00, 26.77it/s]
2025-10-15 08:26:41 - app - INFO - Created temporary file: [REDACTED] (purpose: asr_segment)

Transcribing:   0%|          | 0/1 [00:00<?, ?it/s]
Transcribing: 100%|██████████| 1/1 [00:00<00:00, 29.10it/s]
2025-10-15 08:26:41 - app - INFO - Created temporary file: [REDACTED] (purpose: asr_segment)

Transcribing:   0%|          | 0/1 [00:00<?, ?it/s]
Transcribing: 100%|██████████| 1/1 [00:00<00:00, 16.99it/s]
2025-10-15 08:26:42 - app - INFO - Created temporary file: [REDACTED] (purpose: asr_segment)

Transcribing:   0%|          | 0/1 [00:00<?, ?it/s]
Transcribing: 100%|██████████| 1/1 [00:00<00:00, 13.17it/s]
2025-10-15 08:26:42 - app - INFO - Created temporary file: [REDACTED] (purpose: asr_segment)

Transcribing:   0%|          | 0/1 [00:00<?, ?it/s]
Transcribing: 100%|██████████| 1/1 [00:00<00:00, 23.90it/s]
2025-10-15 08:26:42 - app - INFO - Created temporary file: [REDACTED] (purpose: asr_segment)

Transcribing:   0%|          | 0/1 [00:00<?, ?it/s]
Transcribing: 100%|██████████| 1/1 [00:00<00:00,  9.32it/s]
Transcribing: 100%|██████████| 1/1 [00:00<00:00,  9.28it/s]
2025-10-15 08:26:42 - app - INFO - Created temporary file: [REDACTED] (purpose: asr_segment)

Transcribing:   0%|          | 0/1 [00:00<?, ?it/s]
Transcribing: 100%|██████████| 1/1 [00:00<00:00, 22.02it/s]
2025-10-15 08:26:42 - app - INFO - Created temporary file: [REDACTED] (purpose: asr_segment)

Transcribing:   0%|          | 0/1 [00:00<?, ?it/s]
Transcribing: 100%|██████████| 1/1 [00:00<00:00, 28.72it/s]
2025-10-15 08:26:42 - app - INFO - Created temporary file: [REDACTED] (purpose: asr_segment)

Transcribing:   0%|          | 0/1 [00:00<?, ?it/s]
Transcribing: 100%|██████████| 1/1 [00:00<00:00, 23.38it/s]
2025-10-15 08:26:42 - app - INFO - Created temporary file: [REDACTED] (purpose: asr_segment)

Transcribing:   0%|          | 0/1 [00:00<?, ?it/s]
Transcribing: 100%|██████████| 1/1 [00:00<00:00, 21.63it/s]
2025-10-15 08:26:42 - app - INFO - Created temporary file: [REDACTED] (purpose: asr_segment)

Transcribing:   0%|          | 0/1 [00:00<?, ?it/s]
Transcribing: 100%|██████████| 1/1 [00:00<00:00, 15.48it/s]
2025-10-15 08:26:42 - app - INFO - Created temporary file: [REDACTED] (purpose: asr_segment)

Transcribing:   0%|          | 0/1 [00:00<?, ?it/s]
Transcribing: 100%|██████████| 1/1 [00:00<00:00, 27.18it/s]
2025-10-15 08:26:42 - app - INFO - Created temporary file: [REDACTED] (purpose: asr_segment)

Transcribing:   0%|          | 0/1 [00:00<?, ?it/s]
Transcribing: 100%|██████████| 1/1 [00:00<00:00, 16.57it/s]
2025-10-15 08:26:42 - app - INFO - Created temporary file: [REDACTED] (purpose: asr_segment)

Transcribing:   0%|          | 0/1 [00:00<?, ?it/s]
Transcribing: 100%|██████████| 1/1 [00:00<00:00, 21.69it/s]
2025-10-15 08:26:42 - app - INFO - Created temporary file: [REDACTED] (purpose: asr_segment)

Transcribing:   0%|          | 0/1 [00:00<?, ?it/s]
Transcribing: 100%|██████████| 1/1 [00:00<00:00, 20.70it/s]
2025-10-15 08:26:42 - app - INFO - Created temporary file: [REDACTED] (purpose: asr_segment)

Transcribing:   0%|          | 0/1 [00:00<?, ?it/s]
Transcribing: 100%|██████████| 1/1 [00:00<00:00, 25.20it/s]
2025-10-15 08:26:42 - app - INFO - Created temporary file: [REDACTED] (purpose: asr_segment)

Transcribing:   0%|          | 0/1 [00:00<?, ?it/s]
Transcribing: 100%|██████████| 1/1 [00:00<00:00, 26.53it/s]
2025-10-15 08:26:42 - app - INFO - Created temporary file: [REDACTED] (purpose: asr_segment)

Transcribing:   0%|          | 0/1 [00:00<?, ?it/s]
Transcribing: 100%|██████████| 1/1 [00:00<00:00, 18.87it/s]
2025-10-15 08:26:43 - app - INFO - Created temporary file: [REDACTED] (purpose: asr_segment)

Transcribing:   0%|          | 0/1 [00:00<?, ?it/s]
Transcribing: 100%|██████████| 1/1 [00:00<00:00, 16.52it/s]
2025-10-15 08:26:43 - app - INFO - Created temporary file: [REDACTED] (purpose: asr_segment)

Transcribing:   0%|          | 0/1 [00:00<?, ?it/s]
Transcribing: 100%|██████████| 1/1 [00:00<00:00, 21.71it/s]
2025-10-15 08:26:43 - app - INFO - Created temporary file: [REDACTED] (purpose: asr_segment)

Transcribing:   0%|          | 0/1 [00:00<?, ?it/s]
Transcribing: 100%|██████████| 1/1 [00:00<00:00, 22.36it/s]
2025-10-15 08:26:43 - app - INFO - Created temporary file: [REDACTED] (purpose: asr_segment)

Transcribing:   0%|          | 0/1 [00:00<?, ?it/s]
Transcribing: 100%|██████████| 1/1 [00:00<00:00, 22.56it/s]
2025-10-15 08:26:43 - app - INFO - Created temporary file: [REDACTED] (purpose: asr_segment)

Transcribing:   0%|          | 0/1 [00:00<?, ?it/s]
Transcribing: 100%|██████████| 1/1 [00:00<00:00, 26.56it/s]
2025-10-15 08:26:43 - app - INFO - Created temporary file: [REDACTED] (purpose: asr_segment)

Transcribing:   0%|          | 0/1 [00:00<?, ?it/s]
Transcribing: 100%|██████████| 1/1 [00:00<00:00, 22.44it/s]
2025-10-15 08:26:43 - app - INFO - Created temporary file: [REDACTED] (purpose: asr_segment)

Transcribing:   0%|          | 0/1 [00:00<?, ?it/s]
Transcribing: 100%|██████████| 1/1 [00:00<00:00, 20.30it/s]
2025-10-15 08:26:43 - app - INFO - Created temporary file: [REDACTED] (purpose: asr_segment)

Transcribing:   0%|          | 0/1 [00:00<?, ?it/s]
Transcribing: 100%|██████████| 1/1 [00:00<00:00, 13.87it/s]
2025-10-15 08:26:43 - app - INFO - Created temporary file: [REDACTED] (purpose: asr_segment)

Transcribing:   0%|          | 0/1 [00:00<?, ?it/s]
Transcribing: 100%|██████████| 1/1 [00:00<00:00, 25.31it/s]
2025-10-15 08:26:43 - app - INFO - Created temporary file: [REDACTED] (purpose: asr_segment)

Transcribing:   0%|          | 0/1 [00:00<?, ?it/s]
Transcribing: 100%|██████████| 1/1 [00:00<00:00, 27.90it/s]
2025-10-15 08:26:43 - app - INFO - Created temporary file: [REDACTED] (purpose: asr_segment)

Transcribing:   0%|          | 0/1 [00:00<?, ?it/s]
Transcribing: 100%|██████████| 1/1 [00:00<00:00, 26.12it/s]
2025-10-15 08:26:43 - app - INFO - Created temporary file: [REDACTED] (purpose: asr_segment)

Transcribing:   0%|          | 0/1 [00:00<?, ?it/s]
Transcribing: 100%|██████████| 1/1 [00:00<00:00, 17.48it/s]
2025-10-15 08:26:43 - app - INFO - Created temporary file: [REDACTED] (purpose: asr_segment)

Transcribing:   0%|          | 0/1 [00:00<?, ?it/s]
Transcribing: 100%|██████████| 1/1 [00:00<00:00, 12.32it/s]
2025-10-15 08:26:43 - app - INFO - Created temporary file: [REDACTED] (purpose: asr_segment)

Transcribing:   0%|          | 0/1 [00:00<?, ?it/s]
Transcribing: 100%|██████████| 1/1 [00:00<00:00, 13.35it/s]
2025-10-15 08:26:44 - app - INFO - Created temporary file: [REDACTED] (purpose: asr_segment)

Transcribing:   0%|          | 0/1 [00:00<?, ?it/s]
Transcribing: 100%|██████████| 1/1 [00:00<00:00, 26.56it/s]
2025-10-15 08:26:44 - app - INFO - Created temporary file: [REDACTED] (purpose: asr_segment)

Transcribing:   0%|          | 0/1 [00:00<?, ?it/s]
Transcribing: 100%|██████████| 1/1 [00:00<00:00, 21.71it/s]
2025-10-15 08:26:44 - app - INFO - Created temporary file: [REDACTED] (purpose: asr_segment)

Transcribing:   0%|          | 0/1 [00:00<?, ?it/s]
Transcribing: 100%|██████████| 1/1 [00:00<00:00, 29.37it/s]
2025-10-15 08:26:44 - app - INFO - Created temporary file: [REDACTED] (purpose: asr_segment)

Transcribing:   0%|          | 0/1 [00:00<?, ?it/s]
Transcribing: 100%|██████████| 1/1 [00:00<00:00,  7.66it/s]
Transcribing: 100%|██████████| 1/1 [00:00<00:00,  7.63it/s]
2025-10-15 08:26:44 - app - INFO - Created temporary file: [REDACTED] (purpose: asr_segment)

Transcribing:   0%|          | 0/1 [00:00<?, ?it/s]
Transcribing: 100%|██████████| 1/1 [00:00<00:00, 16.90it/s]
2025-10-15 08:26:44 - app - INFO - Created temporary file: [REDACTED] (purpose: asr_segment)

Transcribing:   0%|          | 0/1 [00:00<?, ?it/s]
Transcribing: 100%|██████████| 1/1 [00:00<00:00, 17.64it/s]
2025-10-15 08:26:44 - app - INFO - Created temporary file: [REDACTED] (purpose: asr_segment)

Transcribing:   0%|          | 0/1 [00:00<?, ?it/s]
Transcribing: 100%|██████████| 1/1 [00:00<00:00, 22.29it/s]
2025-10-15 08:26:44 - app - INFO - Created temporary file: [REDACTED] (purpose: asr_segment)

Transcribing:   0%|          | 0/1 [00:00<?, ?it/s]
Transcribing: 100%|██████████| 1/1 [00:00<00:00, 23.37it/s]
2025-10-15 08:26:44 - app - INFO - Created temporary file: [REDACTED] (purpose: asr_segment)

Transcribing:   0%|          | 0/1 [00:00<?, ?it/s]
Transcribing: 100%|██████████| 1/1 [00:00<00:00, 14.05it/s]
2025-10-15 08:26:44 - app - INFO - Created temporary file: [REDACTED] (purpose: asr_segment)

Transcribing:   0%|          | 0/1 [00:00<?, ?it/s]
Transcribing: 100%|██████████| 1/1 [00:00<00:00,  8.21it/s]
Transcribing: 100%|██████████| 1/1 [00:00<00:00,  8.18it/s]
2025-10-15 08:26:44 - app - INFO - Created temporary file: [REDACTED] (purpose: asr_segment)

Transcribing:   0%|          | 0/1 [00:00<?, ?it/s]
Transcribing: 100%|██████████| 1/1 [00:00<00:00,  5.65it/s]
Transcribing: 100%|██████████| 1/1 [00:00<00:00,  5.64it/s]
2025-10-15 08:26:45 - app - INFO - Created temporary file: [REDACTED] (purpose: asr_segment)

Transcribing:   0%|          | 0/1 [00:00<?, ?it/s]
Transcribing: 100%|██████████| 1/1 [00:00<00:00,  6.81it/s]
Transcribing: 100%|██████████| 1/1 [00:00<00:00,  6.79it/s]
2025-10-15 08:26:45 - app - INFO - Created temporary file: [REDACTED] (purpose: asr_segment)

Transcribing:   0%|          | 0/1 [00:00<?, ?it/s]
Transcribing: 100%|██████████| 1/1 [00:00<00:00, 13.80it/s]
2025-10-15 08:26:45 - worker - INFO - Merged 132 segments into 110 diarization-controlled segments
2025-10-15 08:26:45 - app - INFO - Starting cleanup of 133 files and 0 directories
2025-10-15 08:26:45 - app - INFO - Successfully deleted file: [REDACTED] (purpose: audio_conversion, size: 0 bytes, access_count: 0)
2025-10-15 08:26:45 - app - INFO - Successfully deleted file: [REDACTED] (purpose: asr_segment, size: 0 bytes, access_count: 0)
2025-10-15 08:26:45 - app - INFO - Successfully deleted file: [REDACTED] (purpose: asr_segment, size: 0 bytes, access_count: 0)
2025-10-15 08:26:45 - app - INFO - Successfully deleted file: [REDACTED] (purpose: asr_segment, size: 0 bytes, access_count: 0)
2025-10-15 08:26:45 - app - INFO - Successfully deleted file: [REDACTED] (purpose: asr_segment, size: 0 bytes, access_count: 0)
2025-10-15 08:26:45 - app - INFO - Successfully deleted file: [REDACTED] (purpose: asr_segment, size: 0 bytes, access_count: 0)
2025-10-15 08:26:45 - app - INFO - Successfully deleted file: [REDACTED] (purpose: asr_segment, size: 0 bytes, access_count: 0)
2025-10-15 08:26:45 - app - INFO - Successfully deleted file: [REDACTED] (purpose: asr_segment, size: 0 bytes, access_count: 0)
2025-10-15 08:26:45 - app - INFO - Successfully deleted file: [REDACTED] (purpose: asr_segment, size: 0 bytes, access_count: 0)
2025-10-15 08:26:45 - app - INFO - Successfully deleted file: [REDACTED] (purpose: asr_segment, size: 0 bytes, access_count: 0)
2025-10-15 08:26:45 - app - INFO - Successfully deleted file: [REDACTED] (purpose: asr_segment, size: 0 bytes, access_count: 0)
2025-10-15 08:26:45 - app - INFO - Successfully deleted file: [REDACTED] (purpose: asr_segment, size: 0 bytes, access_count: 0)
2025-10-15 08:26:45 - app - INFO - Successfully deleted file: [REDACTED] (purpose: asr_segment, size: 0 bytes, access_count: 0)
2025-10-15 08:26:45 - app - INFO - Successfully deleted file: [REDACTED] (purpose: asr_segment, size: 0 bytes, access_count: 0)
2025-10-15 08:26:45 - app - INFO - Successfully deleted file: [REDACTED] (purpose: asr_segment, size: 0 bytes, access_count: 0)
2025-10-15 08:26:45 - app - INFO - Successfully deleted file: [REDACTED] (purpose: asr_segment, size: 0 bytes, access_count: 0)
2025-10-15 08:26:45 - app - INFO - Successfully deleted file: [REDACTED] (purpose: asr_segment, size: 0 bytes, access_count: 0)
2025-10-15 08:26:45 - app - INFO - Successfully deleted file: [REDACTED] (purpose: asr_segment, size: 0 bytes, access_count: 0)
2025-10-15 08:26:45 - app - INFO - Successfully deleted file: [REDACTED] (purpose: asr_segment, size: 0 bytes, access_count: 0)
2025-10-15 08:26:45 - app - INFO - Successfully deleted file: [REDACTED] (purpose: asr_segment, size: 0 bytes, access_count: 0)
2025-10-15 08:26:45 - app - INFO - Successfully deleted file: [REDACTED] (purpose: asr_segment, size: 0 bytes, access_count: 0)
2025-10-15 08:26:45 - app - INFO - Successfully deleted file: [REDACTED] (purpose: asr_segment, size: 0 bytes, access_count: 0)
2025-10-15 08:26:45 - app - INFO - Successfully deleted file: [REDACTED] (purpose: asr_segment, size: 0 bytes, access_count: 0)
2025-10-15 08:26:45 - app - INFO - Successfully deleted file: [REDACTED] (purpose: asr_segment, size: 0 bytes, access_count: 0)
2025-10-15 08:26:45 - app - INFO - Successfully deleted file: [REDACTED] (purpose: asr_segment, size: 0 bytes, access_count: 0)
2025-10-15 08:26:45 - app - INFO - Successfully deleted file: [REDACTED] (purpose: asr_segment, size: 0 bytes, access_count: 0)
2025-10-15 08:26:45 - app - INFO - Successfully deleted file: [REDACTED] (purpose: asr_segment, size: 0 bytes, access_count: 0)
2025-10-15 08:26:45 - app - INFO - Successfully deleted file: [REDACTED] (purpose: asr_segment, size: 0 bytes, access_count: 0)
2025-10-15 08:26:45 - app - INFO - Successfully deleted file: [REDACTED] (purpose: asr_segment, size: 0 bytes, access_count: 0)
2025-10-15 08:26:45 - app - INFO - Successfully deleted file: [REDACTED] (purpose: asr_segment, size: 0 bytes, access_count: 0)
2025-10-15 08:26:45 - app - INFO - Successfully deleted file: [REDACTED] (purpose: asr_segment, size: 0 bytes, access_count: 0)
2025-10-15 08:26:45 - app - INFO - Successfully deleted file: [REDACTED] (purpose: asr_segment, size: 0 bytes, access_count: 0)
2025-10-15 08:26:45 - app - INFO - Successfully deleted file: [REDACTED] (purpose: asr_segment, size: 0 bytes, access_count: 0)
2025-10-15 08:26:45 - app - INFO - Successfully deleted file: [REDACTED] (purpose: asr_segment, size: 0 bytes, access_count: 0)
2025-10-15 08:26:45 - app - INFO - Successfully deleted file: [REDACTED] (purpose: asr_segment, size: 0 bytes, access_count: 0)
2025-10-15 08:26:45 - app - INFO - Successfully deleted file: [REDACTED] (purpose: asr_segment, size: 0 bytes, access_count: 0)
2025-10-15 08:26:45 - app - INFO - Successfully deleted file: [REDACTED] (purpose: asr_segment, size: 0 bytes, access_count: 0)
2025-10-15 08:26:45 - app - INFO - Successfully deleted file: [REDACTED] (purpose: asr_segment, size: 0 bytes, access_count: 0)
2025-10-15 08:26:45 - app - INFO - Successfully deleted file: [REDACTED] (purpose: asr_segment, size: 0 bytes, access_count: 0)
2025-10-15 08:26:45 - app - INFO - Successfully deleted file: [REDACTED] (purpose: asr_segment, size: 0 bytes, access_count: 0)
2025-10-15 08:26:45 - app - INFO - Successfully deleted file: [REDACTED] (purpose: asr_segment, size: 0 bytes, access_count: 0)
2025-10-15 08:26:45 - app - INFO - Successfully deleted file: [REDACTED] (purpose: asr_segment, size: 0 bytes, access_count: 0)
2025-10-15 08:26:45 - app - INFO - Successfully deleted file: [REDACTED] (purpose: asr_segment, size: 0 bytes, access_count: 0)
2025-10-15 08:26:45 - app - INFO - Successfully deleted file: [REDACTED] (purpose: asr_segment, size: 0 bytes, access_count: 0)
2025-10-15 08:26:45 - app - INFO - Successfully deleted file: [REDACTED] (purpose: asr_segment, size: 0 bytes, access_count: 0)
2025-10-15 08:26:45 - app - INFO - Successfully deleted file: [REDACTED] (purpose: asr_segment, size: 0 bytes, access_count: 0)
2025-10-15 08:26:45 - app - INFO - Successfully deleted file: [REDACTED] (purpose: asr_segment, size: 0 bytes, access_count: 0)
2025-10-15 08:26:45 - app - INFO - Successfully deleted file: [REDACTED] (purpose: asr_segment, size: 0 bytes, access_count: 0)
2025-10-15 08:26:45 - app - INFO - Successfully deleted file: [REDACTED] (purpose: asr_segment, size: 0 bytes, access_count: 0)
2025-10-15 08:26:45 - app - INFO - Successfully deleted file: [REDACTED] (purpose: asr_segment, size: 0 bytes, access_count: 0)
2025-10-15 08:26:45 - app - INFO - Successfully deleted file: [REDACTED] (purpose: asr_segment, size: 0 bytes, access_count: 0)
2025-10-15 08:26:45 - app - INFO - Successfully deleted file: [REDACTED] (purpose: asr_segment, size: 0 bytes, access_count: 0)
2025-10-15 08:26:45 - app - INFO - Successfully deleted file: [REDACTED] (purpose: asr_segment, size: 0 bytes, access_count: 0)
2025-10-15 08:26:45 - app - INFO - Successfully deleted file: [REDACTED] (purpose: asr_segment, size: 0 bytes, access_count: 0)
2025-10-15 08:26:45 - app - INFO - Successfully deleted file: [REDACTED] (purpose: asr_segment, size: 0 bytes, access_count: 0)
2025-10-15 08:26:45 - app - INFO - Successfully deleted file: [REDACTED] (purpose: asr_segment, size: 0 bytes, access_count: 0)
2025-10-15 08:26:45 - app - INFO - Successfully deleted file: [REDACTED] (purpose: asr_segment, size: 0 bytes, access_count: 0)
2025-10-15 08:26:45 - app - INFO - Successfully deleted file: [REDACTED] (purpose: asr_segment, size: 0 bytes, access_count: 0)
2025-10-15 08:26:45 - app - INFO - Successfully deleted file: [REDACTED] (purpose: asr_segment, size: 0 bytes, access_count: 0)
2025-10-15 08:26:45 - app - INFO - Successfully deleted file: [REDACTED] (purpose: asr_segment, size: 0 bytes, access_count: 0)
2025-10-15 08:26:45 - app - INFO - Successfully deleted file: [REDACTED] (purpose: asr_segment, size: 0 bytes, access_count: 0)
2025-10-15 08:26:45 - app - INFO - Successfully deleted file: [REDACTED] (purpose: asr_segment, size: 0 bytes, access_count: 0)
2025-10-15 08:26:45 - app - INFO - Successfully deleted file: [REDACTED] (purpose: asr_segment, size: 0 bytes, access_count: 0)
2025-10-15 08:26:45 - app - INFO - Successfully deleted file: [REDACTED] (purpose: asr_segment, size: 0 bytes, access_count: 0)
2025-10-15 08:26:45 - app - INFO - Successfully deleted file: [REDACTED] (purpose: asr_segment, size: 0 bytes, access_count: 0)
2025-10-15 08:26:45 - app - INFO - Successfully deleted file: [REDACTED] (purpose: asr_segment, size: 0 bytes, access_count: 0)
2025-10-15 08:26:45 - app - INFO - Successfully deleted file: [REDACTED] (purpose: asr_segment, size: 0 bytes, access_count: 0)
2025-10-15 08:26:45 - app - INFO - Successfully deleted file: [REDACTED] (purpose: asr_segment, size: 0 bytes, access_count: 0)
2025-10-15 08:26:45 - app - INFO - Successfully deleted file: [REDACTED] (purpose: asr_segment, size: 0 bytes, access_count: 0)
2025-10-15 08:26:45 - app - INFO - Successfully deleted file: [REDACTED] (purpose: asr_segment, size: 0 bytes, access_count: 0)
2025-10-15 08:26:45 - app - INFO - Successfully deleted file: [REDACTED] (purpose: asr_segment, size: 0 bytes, access_count: 0)
2025-10-15 08:26:45 - app - INFO - Successfully deleted file: [REDACTED] (purpose: asr_segment, size: 0 bytes, access_count: 0)
2025-10-15 08:26:45 - app - INFO - Successfully deleted file: [REDACTED] (purpose: asr_segment, size: 0 bytes, access_count: 0)
2025-10-15 08:26:45 - app - INFO - Successfully deleted file: [REDACTED] (purpose: asr_segment, size: 0 bytes, access_count: 0)
2025-10-15 08:26:45 - app - INFO - Successfully deleted file: [REDACTED] (purpose: asr_segment, size: 0 bytes, access_count: 0)
2025-10-15 08:26:45 - app - INFO - Successfully deleted file: [REDACTED] (purpose: asr_segment, size: 0 bytes, access_count: 0)
2025-10-15 08:26:45 - app - INFO - Successfully deleted file: [REDACTED] (purpose: asr_segment, size: 0 bytes, access_count: 0)
2025-10-15 08:26:45 - app - INFO - Successfully deleted file: [REDACTED] (purpose: asr_segment, size: 0 bytes, access_count: 0)
2025-10-15 08:26:45 - app - INFO - Successfully deleted file: [REDACTED] (purpose: asr_segment, size: 0 bytes, access_count: 0)
2025-10-15 08:26:45 - app - INFO - Successfully deleted file: [REDACTED] (purpose: asr_segment, size: 0 bytes, access_count: 0)
2025-10-15 08:26:45 - app - INFO - Successfully deleted file: [REDACTED] (purpose: asr_segment, size: 0 bytes, access_count: 0)
2025-10-15 08:26:45 - app - INFO - Successfully deleted file: [REDACTED] (purpose: asr_segment, size: 0 bytes, access_count: 0)
2025-10-15 08:26:45 - app - INFO - Successfully deleted file: [REDACTED] (purpose: asr_segment, size: 0 bytes, access_count: 0)
2025-10-15 08:26:45 - app - INFO - Successfully deleted file: [REDACTED] (purpose: asr_segment, size: 0 bytes, access_count: 0)
2025-10-15 08:26:45 - app - INFO - Successfully deleted file: [REDACTED] (purpose: asr_segment, size: 0 bytes, access_count: 0)
2025-10-15 08:26:45 - app - INFO - Successfully deleted file: [REDACTED] (purpose: asr_segment, size: 0 bytes, access_count: 0)
2025-10-15 08:26:45 - app - INFO - Successfully deleted file: [REDACTED] (purpose: asr_segment, size: 0 bytes, access_count: 0)
2025-10-15 08:26:45 - app - INFO - Successfully deleted file: [REDACTED] (purpose: asr_segment, size: 0 bytes, access_count: 0)
2025-10-15 08:26:45 - app - INFO - Successfully deleted file: [REDACTED] (purpose: asr_segment, size: 0 bytes, access_count: 0)
2025-10-15 08:26:45 - app - INFO - Successfully deleted file: [REDACTED] (purpose: asr_segment, size: 0 bytes, access_count: 0)
2025-10-15 08:26:45 - app - INFO - Successfully deleted file: [REDACTED] (purpose: asr_segment, size: 0 bytes, access_count: 0)
2025-10-15 08:26:45 - app - INFO - Successfully deleted file: [REDACTED] (purpose: asr_segment, size: 0 bytes, access_count: 0)
2025-10-15 08:26:45 - app - INFO - Successfully deleted file: [REDACTED] (purpose: asr_segment, size: 0 bytes, access_count: 0)
2025-10-15 08:26:45 - app - INFO - Successfully deleted file: [REDACTED] (purpose: asr_segment, size: 0 bytes, access_count: 0)
2025-10-15 08:26:45 - app - INFO - Successfully deleted file: [REDACTED] (purpose: asr_segment, size: 0 bytes, access_count: 0)
2025-10-15 08:26:45 - app - INFO - Successfully deleted file: [REDACTED] (purpose: asr_segment, size: 0 bytes, access_count: 0)
2025-10-15 08:26:45 - app - INFO - Successfully deleted file: [REDACTED] (purpose: asr_segment, size: 0 bytes, access_count: 0)
2025-10-15 08:26:45 - app - INFO - Successfully deleted file: [REDACTED] (purpose: asr_segment, size: 0 bytes, access_count: 0)
2025-10-15 08:26:45 - app - INFO - Successfully deleted file: [REDACTED] (purpose: asr_segment, size: 0 bytes, access_count: 0)
2025-10-15 08:26:45 - app - INFO - Successfully deleted file: [REDACTED] (purpose: asr_segment, size: 0 bytes, access_count: 0)
2025-10-15 08:26:45 - app - INFO - Successfully deleted file: [REDACTED] (purpose: asr_segment, size: 0 bytes, access_count: 0)
2025-10-15 08:26:45 - app - INFO - Successfully deleted file: [REDACTED] (purpose: asr_segment, size: 0 bytes, access_count: 0)
2025-10-15 08:26:45 - app - INFO - Successfully deleted file: [REDACTED] (purpose: asr_segment, size: 0 bytes, access_count: 0)
2025-10-15 08:26:45 - app - INFO - Successfully deleted file: [REDACTED] (purpose: asr_segment, size: 0 bytes, access_count: 0)
2025-10-15 08:26:45 - app - INFO - Successfully deleted file: [REDACTED] (purpose: asr_segment, size: 0 bytes, access_count: 0)
2025-10-15 08:26:45 - app - INFO - Successfully deleted file: [REDACTED] (purpose: asr_segment, size: 0 bytes, access_count: 0)
2025-10-15 08:26:45 - app - INFO - Successfully deleted file: [REDACTED] (purpose: asr_segment, size: 0 bytes, access_count: 0)
2025-10-15 08:26:45 - app - INFO - Successfully deleted file: [REDACTED] (purpose: asr_segment, size: 0 bytes, access_count: 0)
2025-10-15 08:26:45 - app - INFO - Successfully deleted file: [REDACTED] (purpose: asr_segment, size: 0 bytes, access_count: 0)
2025-10-15 08:26:45 - app - INFO - Successfully deleted file: [REDACTED] (purpose: asr_segment, size: 0 bytes, access_count: 0)
2025-10-15 08:26:45 - app - INFO - Successfully deleted file: [REDACTED] (purpose: asr_segment, size: 0 bytes, access_count: 0)
2025-10-15 08:26:45 - app - INFO - Successfully deleted file: [REDACTED] (purpose: asr_segment, size: 0 bytes, access_count: 0)
2025-10-15 08:26:45 - app - INFO - Successfully deleted file: [REDACTED] (purpose: asr_segment, size: 0 bytes, access_count: 0)
2025-10-15 08:26:45 - app - INFO - Successfully deleted file: [REDACTED] (purpose: asr_segment, size: 0 bytes, access_count: 0)
2025-10-15 08:26:45 - app - INFO - Successfully deleted file: [REDACTED] (purpose: asr_segment, size: 0 bytes, access_count: 0)
2025-10-15 08:26:45 - app - INFO - Successfully deleted file: [REDACTED] (purpose: asr_segment, size: 0 bytes, access_count: 0)
2025-10-15 08:26:45 - app - INFO - Successfully deleted file: [REDACTED] (purpose: asr_segment, size: 0 bytes, access_count: 0)
2025-10-15 08:26:45 - app - INFO - Successfully deleted file: [REDACTED] (purpose: asr_segment, size: 0 bytes, access_count: 0)
2025-10-15 08:26:45 - app - INFO - Successfully deleted file: [REDACTED] (purpose: asr_segment, size: 0 bytes, access_count: 0)
2025-10-15 08:26:45 - app - INFO - Successfully deleted file: [REDACTED] (purpose: asr_segment, size: 0 bytes, access_count: 0)
2025-10-15 08:26:45 - app - INFO - Successfully deleted file: [REDACTED] (purpose: asr_segment, size: 0 bytes, access_count: 0)
2025-10-15 08:26:45 - app - INFO - Successfully deleted file: [REDACTED] (purpose: asr_segment, size: 0 bytes, access_count: 0)
2025-10-15 08:26:45 - app - INFO - Successfully deleted file: [REDACTED] (purpose: asr_segment, size: 0 bytes, access_count: 0)
2025-10-15 08:26:45 - app - INFO - Successfully deleted file: [REDACTED] (purpose: asr_segment, size: 0 bytes, access_count: 0)
2025-10-15 08:26:45 - app - INFO - Successfully deleted file: [REDACTED] (purpose: asr_segment, size: 0 bytes, access_count: 0)
2025-10-15 08:26:45 - app - INFO - Successfully deleted file: [REDACTED] (purpose: asr_segment, size: 0 bytes, access_count: 0)
2025-10-15 08:26:45 - app - INFO - Successfully deleted file: [REDACTED] (purpose: asr_segment, size: 0 bytes, access_count: 0)
2025-10-15 08:26:45 - app - INFO - Successfully deleted file: [REDACTED] (purpose: asr_segment, size: 0 bytes, access_count: 0)
2025-10-15 08:26:45 - app - INFO - Successfully deleted file: [REDACTED] (purpose: asr_segment, size: 0 bytes, access_count: 0)
2025-10-15 08:26:45 - app - INFO - Successfully deleted file: [REDACTED] (purpose: asr_segment, size: 0 bytes, access_count: 0)
2025-10-15 08:26:45 - app - INFO - Successfully deleted file: [REDACTED] (purpose: asr_segment, size: 0 bytes, access_count: 0)
2025-10-15 08:26:45 - app - INFO - Successfully deleted file: [REDACTED] (purpose: asr_segment, size: 0 bytes, access_count: 0)
2025-10-15 08:26:45 - app - INFO - Successfully deleted file: [REDACTED] (purpose: asr_segment, size: 0 bytes, access_count: 0)
2025-10-15 08:26:45 - app - INFO - TempFileTracker session ended. Cleanup successful: True
